-- phpMyAdmin SQL Dump
-- version 4.9.7
-- https://www.phpmyadmin.net/
--
-- Host: localhost:3306
-- Generation Time: Mar 29, 2022 at 11:15 PM
-- Server version: 5.6.51-cll-lve
-- PHP Version: 7.3.32

SET SQL_MODE = "NO_AUTO_VALUE_ON_ZERO";
SET AUTOCOMMIT = 0;
START TRANSACTION;
SET time_zone = "+00:00";


/*!40101 SET @OLD_CHARACTER_SET_CLIENT=@@CHARACTER_SET_CLIENT */;
/*!40101 SET @OLD_CHARACTER_SET_RESULTS=@@CHARACTER_SET_RESULTS */;
/*!40101 SET @OLD_COLLATION_CONNECTION=@@COLLATION_CONNECTION */;
/*!40101 SET NAMES utf8mb4 */;

--
-- Database: `don_data_entry`
--

-- --------------------------------------------------------

--
-- Table structure for table `assembly`
--

CREATE TABLE `assembly` (
  `assembly_id` int(3) NOT NULL,
  `assembly_name` varchar(50) NOT NULL
) ENGINE=MyISAM DEFAULT CHARSET=latin1;

--
-- Dumping data for table `assembly`
--

INSERT INTO `assembly` (`assembly_id`, `assembly_name`) VALUES
(1, 'Gummidipoondi'),
(2, 'Ponneri'),
(3, 'Tiruttani'),
(4, 'Thiruvallur'),
(5, 'Poonamallee'),
(6, 'Avadi'),
(7, 'Maduravoyal'),
(8, 'Ambattur'),
(9, 'Madavaram'),
(10, 'Thiruvottiyur'),
(11, 'Radhakrishnan Nagar'),
(12, 'Perambur'),
(13, 'Kolathur'),
(14, 'Villivakkam'),
(15, 'Thiru. Vi. Ka. Nagar'),
(16, 'Egmore'),
(17, 'Royapuram'),
(18, 'Harbour'),
(19, 'Chepauk-Thiruvallikeni'),
(20, 'Thousand Lights'),
(21, 'Anna Nagar'),
(22, 'Virugambakkam'),
(23, 'Saidapet'),
(24, 'T. Nagar'),
(25, 'Mylapore'),
(26, 'Velachery'),
(27, 'Sholinganallur'),
(28, 'Alandur'),
(29, 'Sriperumbudur'),
(30, 'Pallavaram'),
(31, 'Tambaram'),
(32, 'Chengalpattu'),
(33, 'Tirupporur'),
(34, 'Cheyyur'),
(35, 'Maduranthakam'),
(36, 'Uthiramerur'),
(37, 'Kancheepuram'),
(38, 'Arakkonam'),
(39, 'Sholingur'),
(40, 'Katpadi'),
(41, 'Ranipet'),
(42, 'Arcot'),
(43, 'Vellore (Vellore south)'),
(44, 'Anaikattu'),
(45, 'K. V. Kuppam'),
(46, 'Gudiyattam'),
(47, 'Vaniyambadi'),
(48, 'Ambur'),
(49, 'Jolarpet'),
(50, 'Tirupattur, Vellore'),
(51, 'Uthangarai'),
(52, 'Bargur'),
(53, 'Krishnagiri'),
(54, 'Veppanahalli'),
(55, 'Hosur'),
(56, 'Thalli'),
(57, 'Palacode'),
(58, 'Pennagaram'),
(59, 'Dharmapuri'),
(60, 'Pappireddippatti'),
(61, 'Harur'),
(62, 'Chengam'),
(63, 'Tiruvannamalai'),
(64, 'Kilpennathur'),
(65, 'Kalasapakkam'),
(66, 'Polur'),
(67, 'Arani'),
(68, 'Cheyyar'),
(69, 'Vandavasi'),
(70, 'Gingee'),
(71, 'Mailam'),
(72, 'Tindivanam'),
(73, 'Vanur'),
(74, 'Villupuram'),
(75, 'Vikravandi'),
(76, 'Tirukkoyilur'),
(77, 'Ulundurpettai'),
(78, 'Rishivandiyam'),
(79, 'Sankarapuram'),
(80, 'Kallakurichi'),
(81, 'Gangavalli'),
(82, 'Attur'),
(83, 'Yercaud'),
(84, 'Omalur'),
(85, 'Mettur'),
(86, 'Edappadi'),
(87, 'Sankari'),
(88, 'Salem (West)'),
(89, 'Salem (North)'),
(90, 'Salem (South)'),
(91, 'Veerapandi'),
(92, 'Rasipuram'),
(93, 'Senthamangalam'),
(94, 'Namakkal'),
(95, 'Paramathi Velur'),
(96, 'Tiruchengodu'),
(97, 'Kumarapalayam'),
(98, 'Erode (East)'),
(99, 'Erode (West)'),
(100, 'Modakkurichi'),
(101, 'Dharapuram'),
(102, 'Kangayam'),
(103, 'Perundurai'),
(104, 'Bhavani'),
(105, 'Anthiyur'),
(106, 'Gobichettipalayam'),
(107, 'Bhavanisagar'),
(108, 'Udhagamandalam'),
(109, 'Coonoor'),
(110, 'Gudalur'),
(111, 'Mettupalayam'),
(112, 'Avanashi'),
(113, 'Tiruppur North'),
(114, 'Tiruppur South'),
(115, 'Palladam'),
(116, 'Sulur'),
(117, 'Kavundampalayam'),
(118, 'Coimbatore North'),
(119, 'Thondamuthur'),
(120, 'Coimbatore South'),
(121, 'Singanallur'),
(122, 'Kinathukadavu'),
(123, 'Pollachi'),
(124, 'Valparai'),
(125, 'Udumalaipettai'),
(126, 'Madathukulam'),
(127, 'Palani'),
(128, 'Oddanchatram'),
(129, 'Athoor'),
(130, 'Nilakottai'),
(131, 'Natham'),
(132, 'Dindigul'),
(133, 'Vedasandur'),
(134, 'Aravakurichi'),
(135, 'Karur'),
(136, 'Krishnarayapuram'),
(137, 'Kulithalai'),
(138, 'Manapaarai'),
(139, 'Srirangam'),
(140, 'Tiruchirappalli (West)'),
(141, 'Tiruchirappalli (East)'),
(142, 'Thiruverumbur'),
(143, 'Lalgudi'),
(144, 'Manachanallur'),
(145, 'Musiri'),
(146, 'Thuraiyur'),
(147, 'Perambalur'),
(148, 'Kunnam'),
(149, 'Ariyalur'),
(150, 'Jayankondam'),
(151, 'Tittakudi'),
(152, 'Virudhachalam'),
(153, 'Neyveli'),
(154, 'Panruti'),
(155, 'Cuddalore'),
(156, 'Kurinjipadi'),
(157, 'Bhuvanagiri'),
(158, 'Chidambaram'),
(159, 'Kattumannarkoil'),
(160, 'Sirkazhi'),
(161, 'Mayiladuthurai'),
(162, 'Poompuhar'),
(163, 'Nagapattinam'),
(164, 'Kilvelur'),
(165, 'Vedaranyam'),
(166, 'Thiruthuraipoondi'),
(167, 'Mannargudi'),
(168, 'Thiruvarur'),
(169, 'Nannilam'),
(170, 'Thiruvidaimarudur'),
(171, 'Kumbakonam'),
(172, 'Papanasam'),
(173, 'Thiruvaiyaru'),
(174, 'Thanjavur'),
(175, 'Orathanadu'),
(176, 'Pattukkottai'),
(177, 'Peravurani'),
(178, 'Gandharvakottai'),
(179, 'Viralimalai'),
(180, 'Pudukkottai'),
(181, 'Thirumayam'),
(182, 'Alangudi'),
(183, 'Aranthangi'),
(184, 'Karaikudi'),
(185, 'Tiruppattur, Sivaganga'),
(186, 'Sivaganga'),
(187, 'Manamadurai,'),
(188, 'Melur'),
(189, 'Madurai East'),
(190, 'Sholavandan'),
(191, 'Madurai North'),
(192, 'Madurai South'),
(193, 'Madurai Central'),
(194, 'Madurai West'),
(195, 'Thiruparankundram'),
(196, 'Tirumangalam'),
(197, 'Usilampatti,'),
(198, 'Andipatti'),
(199, 'Periyakulam'),
(200, 'Bodinayakanur'),
(201, 'Cumbum'),
(202, 'Rajapalayam'),
(203, 'Srivilliputhur'),
(204, 'Sattur'),
(205, 'Sivakasi'),
(206, 'Virudhunagar'),
(207, 'Aruppukkottai'),
(208, 'Tiruchuli'),
(209, 'Paramakudi'),
(210, 'Tiruvadanai'),
(211, 'Ramanathapuram'),
(212, 'Mudhukulathur'),
(213, 'Vilathikulam'),
(214, 'Thoothukudi'),
(215, 'Tiruchendur'),
(216, 'Thiruvaikundam'),
(217, 'Ottapidaram'),
(218, 'Kovilpatti'),
(219, 'Sankarankovil'),
(220, 'Vasudevanallur'),
(221, 'Kadayanallur'),
(222, 'Tenkasi'),
(223, 'Alangulam'),
(224, 'Tirunelveli'),
(225, 'Ambasamudram'),
(226, 'Palayamkottai'),
(227, 'Nanguneri'),
(228, 'Radhapuram'),
(229, 'Kanniyakumari'),
(230, 'Nagercoil'),
(231, 'Colachal'),
(232, 'Padmanabhapuram'),
(233, 'Vilavancode'),
(234, 'Killiyoor');

-- --------------------------------------------------------

--
-- Table structure for table `candidates`
--

CREATE TABLE `candidates` (
  `id` int(11) NOT NULL,
  `candidate_name` varchar(100) NOT NULL,
  `family_member` varchar(50) NOT NULL,
  `gender` varchar(10) NOT NULL,
  `age` int(3) NOT NULL,
  `relation_name` varchar(50) NOT NULL,
  `relation_type` varchar(50) NOT NULL,
  `addr_door_no` varchar(50) NOT NULL,
  `addr_line1` varchar(200) NOT NULL,
  `addr_line2` varchar(200) NOT NULL,
  `city_id` int(5) NOT NULL,
  `district_id` int(5) NOT NULL,
  `pincode_id` int(5) NOT NULL,
  `mobile_number` varchar(25) NOT NULL,
  `assembly_id` int(4) NOT NULL,
  `ward_id` int(4) NOT NULL,
  `subward_id` int(5) NOT NULL,
  `epic_number` varchar(25) NOT NULL,
  `created` timestamp NOT NULL DEFAULT CURRENT_TIMESTAMP,
  `modified` timestamp NOT NULL DEFAULT CURRENT_TIMESTAMP
) ENGINE=InnoDB DEFAULT CHARSET=latin1;

--
-- Dumping data for table `candidates`
--

INSERT INTO `candidates` (`id`, `candidate_name`, `family_member`, `gender`, `age`, `relation_name`, `relation_type`, `addr_door_no`, `addr_line1`, `addr_line2`, `city_id`, `district_id`, `pincode_id`, `mobile_number`, `assembly_id`, `ward_id`, `subward_id`, `epic_number`, `created`, `modified`) VALUES
(1, 'Raja', 'Father', 'Male', 55, 'Ram', 'Father', '4/14C', 'Car Street ', 'Poompugar', 520, 16, 183, '7575758484', 162, 1, 1, 'NEL45865758', '2019-11-09 11:30:00', '2021-04-21 04:23:51'),
(2, 'Prasanna Divahar', 'Son', 'Male', 31, 'Subramanian', 'Father', '25C', 'Pothiyaiadi North Street', 'Papanasam', 1032, 30, 9, '7708772075', 225, 2, 2, 'NEW0428441', '2019-11-09 11:30:00', '2021-04-21 04:43:00'),
(3, 'Subramanian', 'FamilyHead', 'Male', 58, 'Muthaiah', 'Father', '25C', 'Pothigaiadi North Street', 'Papanasam', 1032, 30, 9, '87575451', 225, 2, 2, 'NEW1197284', '2019-11-09 11:30:00', '2021-04-21 04:45:57'),
(4, 'Mary', 'Mother', 'Female', 53, 'Subramanian', 'Father', '25C', 'Pothigaiadi North Street', 'Papanasam', 1032, 30, 9, '7875715758', 225, 2, 2, 'NEW1197300', '2019-11-09 11:30:00', '2021-04-21 04:51:09'),
(5, 'Sheela', 'Daughter', 'Female', 35, 'Subramanian', 'Father', '25C', 'Pothigaiadi North Street', 'Papanasam', 1032, 30, 9, '8875417415', 225, 2, 2, 'CFX2617157', '2019-11-09 11:30:00', '2021-04-21 04:55:40'),
(6, 'Neelash', 'Son', 'Male', 31, 'Arumugam', 'Father', '4/4A', 'Pothigaiadi Middle Street', 'Papanasam', 1032, 30, 9, '757848415', 225, 2, 3, 'TN/27/221/0117354', '2019-11-09 11:30:00', '2021-04-21 05:02:23'),
(7, 'Sabari', 'Son', 'Male', 33, 'Arumugam', 'Father', '4/8D', 'Pothigaiadi Middle Street', 'Papanasam', 1032, 30, 9, '758484845', 225, 2, 4, 'TN/37/227/01234578', '2019-11-09 11:30:00', '2021-04-21 05:08:52'),
(8, 'Sethupathi Raja', 'Son', 'Male', 32, 'Esakki', 'Father', '52', 'Jail Sing Nagar South Street', 'NGO Colony', 1060, 30, 1022, '9600148877', 226, 3, 5, 'XQP0095646', '2019-11-09 11:30:00', '2021-04-21 05:11:11'),
(9, 'Esakki', 'FamilyHead', 'Male', 57, 'Sethu', 'Father', '52', 'Jail Sing Nagar South Street', 'NGO Colony', 1060, 30, 1022, '8148180380', 226, 3, 5, 'TN/36/219/0234029', '2019-11-09 11:30:00', '2021-04-21 05:15:16'),
(10, 'Jayam', 'Son', 'Male', 21, 'Sam', 'Father', '847', 'North Street ', 'Aarupathi', 520, 16, 159, '78754812', 162, 1, 1, 'TN/34/231/1475821', '2019-11-09 11:30:00', '2021-04-21 05:15:23'),
(11, 'Rajalakshmi', 'FamilyHead/Husband', 'Female', 53, 'Esakki', 'Husband', '52', 'Jail Sing Nagar South Street', 'NGO Colony', 1060, 30, 1022, '8148180380', 226, 3, 5, 'TN/36/219/0234674', '2019-11-09 11:30:00', '2021-04-21 05:20:27'),
(12, 'Roja', 'Mother', 'Female', 48, 'Selvam', 'Husband', '24/98A', 'New Bus Stand Car Street ', 'Aarupathi', 520, 16, 623, '7584875155', 162, 1, 6, 'TN/75/4527854', '2019-11-09 11:30:00', '2021-04-21 05:22:03'),
(13, 'Rajamanikandan', 'Father', 'Male', 45, 'Roy', 'Father', '58', 'Gopal Raja Nagar South Street', 'Aarupathi', 465, 16, 623, '787848484', 162, 1, 6, 'TN/58/78945784', '2019-11-09 11:30:00', '2021-04-21 05:29:36'),
(14, 'Arumugam', 'Husband', 'Male', 58, 'Senthil', 'Father', '412', 'Main Road', 'Aarupathi', 465, 15, 167, '785784845', 161, 1, 6, 'Tn/47/5248545', '2019-11-09 11:30:00', '2021-04-21 05:44:21'),
(15, 'Arul', 'FamilyHead/Husband', 'Male', 48, 'Arumugam', 'Father', '584', 'Middle Street', 'Chidambaram', 465, 15, 167, '78985875', 161, 1, 7, 'TN/225/854685', '2019-11-09 11:30:00', '2021-04-21 05:49:22'),
(16, 'Siva', 'FamilyHead', 'Male', 45, 'Sankar', 'Father', '01', 'Test Street', 'Test Area', 89, 1, 1, '1234567890', 149, 5, 8, 'NEW00445588', '2019-11-09 11:30:00', '2021-04-21 06:04:37'),
(17, 'Tamil', 'FamilyHead', 'Male', 45, 'Sakthi', 'Father', '22', 'Test Car Street', 'Test Area', 1060, 30, 1022, '8145362721', 226, 7, 9, 'XQP124578963', '2019-11-09 11:30:00', '2021-04-21 06:13:28'),
(18, 'Nithiya', 'Daughter', 'Female', 27, 'Sunder', 'Father', '524', 'Kannadasan Nagar', 'Kadampur', 152, 18, 1115, '7898784548', 109, 6, 10, 'TN85/56/8945844', '2019-11-09 11:30:00', '2021-04-21 06:13:48'),
(19, 'suriya', 'Husband', 'Male', 34, 'Sundar', 'Father', '59', 'Ranjan Nager Atthi Street', 'Kovur', 3, 2, 160, '7548754896', 32, 8, 11, 'NEW78957445', '2019-11-09 11:30:00', '2021-04-21 06:43:11'),
(20, 'sunil', 'FamilyHead/Father', 'Male', 58, 'Suresh', 'Father', '85/789', 'kamban Street', 'Barathi Nagar', 471, 25, 1, '7875757491', 222, 9, 12, 'EWM758486582', '2019-11-09 11:30:00', '2021-04-21 06:57:30'),
(21, 'Suresh Kumar', 'FamilyHead', 'Male', 38, 'Anandharaman', 'Father', '100-4', 'Uthamapandiankulam', 'Melakulam', 926, 30, 1019, '7373088833', 226, 10, 13, 'HNJ1701838', '2019-11-09 11:30:00', '2021-04-21 07:21:37'),
(22, 'Umasangar', 'FamilyHead/Father', 'Male', 70, 'Ramar', 'Father', '87/425A', 'Malar Nagar', 'Bharathidasan Nagar', 220, 18, 208, '9878435215', 110, 11, 14, 'EED7857859540', '2019-11-09 11:30:00', '2021-04-21 07:49:11'),
(23, 'Sundar', 'FamilyHead/Father', 'Male', 50, 'Mohan', 'Father', '58/123F', 'Alagesapuram Middle Road', 'Puthur', 200, 4, 184, '7877583125', 120, 12, 15, 'XVL785785785', '2019-11-09 11:30:00', '2021-04-21 11:16:16'),
(24, 'Kiruba', 'FamilyHead', 'Male', 32, 'Madasamy', 'Father', '58', 'Mark Nagar', 'Vaikkapalam', 635, 5, 253, '785874557', 154, 13, 16, 'TN/78/458796', '2019-11-09 11:30:00', '2021-04-21 11:21:15'),
(25, 'Samuvel', 'FamilyHead/Father', 'Male', 50, 'John', 'Father', '55', 'ICA Colony ', 'Panagudi', 627, 30, 3, '897827582', 227, 14, 17, 'TN/89/58452122', '2019-11-09 11:30:00', '2021-04-21 11:28:34'),
(26, 'Ramarajan', 'Father', 'Male', 49, 'Sunilkumar', 'Father', '87/25M', 'Bharathi Colony', 'Railway Main Road', 180, 23, 369, '7895781254', 86, 15, 19, 'EES78547854', '2019-11-09 11:30:00', '2021-04-22 04:24:11'),
(27, 'Rajamuthiah', 'FamilyHead', 'Male', 47, 'Varun', 'Father', '89', 'Saravanan Methu Street', 'Sivanthipuram', 584, 24, 257, '7848572545', 175, 18, 22, 'ESP7898575', '2019-11-09 11:30:00', '2021-04-22 04:53:59'),
(28, 'Esakki', 'FamilyHead', 'Female', 71, 'Sudalai Muthu', 'Husband', 'New No : 1, Old No: 2', 'Thiruvadi Street', 'Palayamkottai', 1060, 30, 1020, '9958786858', 226, 17, 21, 'XQP0332783', '2019-11-09 11:30:00', '2021-04-22 05:06:30'),
(29, 'Muthu Pandiyan', 'FamilyHead/Father', 'Male', 50, 'Ganapathi Pandiyan', 'Father', 'Old No: 28B/ New No : 28B', 'Pothyaiadi North Street', 'Papanasam', 1032, 30, 9, '9848525425', 225, 2, 2, 'NEW0984054', '2019-11-09 11:30:00', '2021-04-22 05:11:13'),
(30, 'Thangaraj', 'FamilyHead', 'Male', 60, 'Karuppasamy', 'Father', '25B', 'Pothiyaiadi North Street', 'Papanasam', 1032, 30, 9, '7858254515', 225, 2, 2, 'TN/37/221/0123386', '2019-11-09 11:30:00', '2021-04-22 05:14:01'),
(31, 'Thangam', 'FamilyHead', 'Female', 69, 'Gopal', 'Husband', 'New No: 1, Old No: 6B', 'Thiruvadi Street', 'Palayamkottai', 1060, 30, 1020, '7685945656', 226, 17, 21, 'XQP0332718', '2019-11-09 11:30:00', '2021-04-22 05:14:13'),
(32, 'Pathmavathi', 'Mother', 'Female', 48, 'Kotthi Durai', 'Husband', 'New No: 143 E /New No : 137', 'Pothiyaiadi North Street', 'Papanasam', 1032, 30, 9, '7452154575', 225, 2, 4, 'NEW0351254', '2019-11-09 11:30:00', '2021-04-22 05:17:11'),
(33, 'Sudalaimuthu', 'FamilyHead', 'Male', 76, 'Kandhakonar', 'Father', 'New No: 1, Old No: 2', 'Thiruvadi Street', 'Palayamkottai', 1060, 30, 1020, '9865234562', 226, 17, 21, 'TN/36/219/0141433', '2019-11-09 11:30:00', '2021-04-22 05:17:51'),
(34, 'Ganapathi Pillai', 'FamilyHead', 'Male', 38, 'Karuppasamy Pillai', 'Father', 'New No : 30/ Old No : 34B', 'Pothiyaiadi North Street', 'Papanasam', 1032, 30, 9, '7845784841', 225, 2, 2, 'NEW0427187', '2019-11-09 11:30:00', '2021-04-22 05:20:58'),
(35, 'Chandra', 'FamilyHead', 'Female', 66, 'Aanatha Mani', 'Husband', 'New No: 1, Old No: 3', 'Thiruvadi Street', 'Palayamkottai', 1060, 30, 1020, '8877665544', 226, 17, 21, 'XQP0332692', '2019-11-09 11:30:00', '2021-04-22 05:24:06'),
(36, 'Murugan', 'FamilyHead', 'Male', 50, 'Ramakrishnan', 'Father', 'Old No: 1, New No: 4A', 'Thiruvadi Street', 'Palayamkottai', 1060, 30, 1020, '9988774433', 226, 17, 21, 'XQP0332726', '2019-11-09 11:30:00', '2021-04-22 05:38:14'),
(37, 'Vembu', '', 'Female', 36, '', '', '47', 'Santhamoorthi Street', 'Melapalayam', 392, 30, 1018, '0', 226, 20, 23, 'XQP1065887', '2019-11-09 11:30:00', '2021-04-23 06:30:03'),
(38, 'Selvasundraraj', '', 'Male', 49, '', '', 'New No :1/ Old No : 105', 'Sathiyamoorthi Street', 'Melapalayam', 392, 30, 1018, '9788122422', 226, 20, 23, 'XQP0387902', '2019-11-09 11:30:00', '2021-04-23 06:35:07'),
(39, 'Chinthil', '', 'Male', 47, '', '', 'New No : 2/ Old No : 81', 'Sathiyamoorthi Street', 'Melapalayam', 392, 30, 1018, '9789135226', 226, 20, 23, 'XQP0686485', '2019-11-09 11:30:00', '2021-04-23 06:48:19'),
(40, 'Velmurugan', '', 'Male', 31, '', '', 'New NO : 2 - 1-B/ 81-D', 'Santhamoorthi', 'Melapalayam', 392, 30, 1018, '0', 226, 20, 23, 'XQP0537175', '2019-11-09 11:30:00', '2021-04-23 06:52:51'),
(41, 'Rajeswari', '', 'Female', 33, '', '', 'New No : 2E/ Old No : 3A-1', 'Santhamoorthi Street', 'melapalayam', 392, 30, 1018, '0', 226, 20, 23, 'XQP0819177', '2019-11-09 11:30:00', '2021-04-23 06:57:42'),
(42, 'Parvathi', '', 'Female', 36, '', '', '3', 'Santhamoorthi', 'Melapalayam', 392, 30, 1018, '0', 226, 20, 23, 'HNJ2661296', '2019-11-09 11:30:00', '2021-04-23 07:00:13'),
(43, 'Revathi Sundari', '', 'Female', 33, '', '', 'New No : 3/ Old NO : 72', 'Santhamoorthi', 'Melapalayam', 392, 30, 1018, '0', 226, 20, 23, 'XQP0537589', '2019-11-09 11:30:00', '2021-04-23 07:03:12'),
(44, 'Kanthakumar', '', 'Male', 39, '', '', '4', 'Santhamoorthi', 'Melapalayam', 392, 30, 1018, '9894727131', 226, 20, 23, 'HNJ1471226', '2019-11-09 11:30:00', '2021-04-23 07:05:53'),
(45, 'Mariappan', '', 'Male', 34, '', '', '4', 'Santhamoorthi', 'Melapalayam', 392, 30, 1018, '0', 226, 20, 23, 'XQP1066265', '2019-11-09 11:30:00', '2021-04-23 07:08:12'),
(46, 'Muthulakshmi', '', 'Female', 31, '', '', 'A-1A', 'Sokkanatha Kovil Sannathi Street', 'Melapalayam', 392, 30, 1018, '0', 226, 20, 24, 'XQP0535906', '2019-11-09 11:30:00', '2021-04-23 07:24:48'),
(47, 'Balasubramanian', '', 'Male', 45, '', '', '6a', 'Santhamoorthi Street', 'Melapalayam', 392, 30, 1018, '0', 226, 20, 23, 'XQP1066190', '2019-11-09 11:30:00', '2021-04-23 11:40:23'),
(48, 'Pandi', '', 'Male', 46, '', '', '6', 'Santhamoorthi', 'Melapalam', 392, 30, 1018, '0', 226, 20, 23, 'HNJ2658813', '2019-11-09 11:30:00', '2021-04-23 11:53:51'),
(49, 'Mookkan', '', 'Male', 44, '', '', '5', 'Santhamoorthi', 'Melapalayam', 392, 30, 1018, '0', 226, 20, 23, 'XQP1870286', '2019-11-09 11:30:00', '2021-04-23 11:56:33'),
(50, 'RAMAIYALISMUTHU', '', 'Male', 41, '', '', 'New No : 5-1 / Old No : 78A', 'Santhamoorthi Street', 'Melapalayam', 392, 30, 1018, '0', 226, 20, 23, 'HNJ2661007', '2019-11-09 11:30:00', '2021-04-23 12:03:57'),
(51, 'Marudhya', '', 'Male', 49, '', '', '1', 'Sokkanatha Kovil Sannathi Street', 'Melapalayam', 392, 30, 1018, '0', 226, 20, 24, 'XQP1833342', '2019-11-09 11:30:00', '2021-04-23 12:22:44'),
(52, 'Palani', '', 'Male', 46, '', '', '17', 'Santhamoorthi Street', 'Melapalayam', 392, 30, 1018, '9942525654', 226, 20, 23, 'XQP0686212', '2019-11-09 11:30:00', '2021-04-23 12:24:30'),
(53, 'vethamani', '', 'Male', 45, '', '', '22', 'Santhamoorthi Street', 'Melapalayam', 392, 30, 1018, '0', 226, 20, 23, 'XQP1066133', '2019-11-09 11:30:00', '2021-04-23 12:32:09'),
(54, 'Sakthimari', '', 'Female', 37, '', '', '26', 'Santhamoorthi Street', 'Melapalayam', 392, 30, 1018, '9944335651', 226, 20, 23, 'HNJ2660546', '2019-11-09 11:30:00', '2021-04-23 12:38:28'),
(55, 'Palani', '', 'Male', 46, '', '', '7', 'Santhamoorthi Street', 'Melapalayam', 392, 30, 1018, '0', 226, 20, 23, 'XQP0537613', '2019-11-09 11:30:00', '2021-04-24 04:17:51'),
(56, 'Shanthi', '', 'Female', 48, '', '', '21', 'Santhamoorthi', 'Melapalayam', 392, 30, 1018, '0', 226, 20, 23, 'XQP1285246', '2019-11-09 11:30:00', '2021-04-24 04:21:15'),
(57, 'Raj', '', 'Male', 49, '', '', 'New No : 22/ Old No : 71', 'Santhamoorthi Street', 'Melapalayam', 392, 30, 1018, '0', 226, 20, 23, 'XQP0942607', '2019-11-09 11:30:00', '2021-04-24 04:23:54'),
(58, 'Shanthi', '', 'Female', 40, '', '', '22A', 'Santhamoorthi Street', 'Melapalayam', 392, 30, 1018, '0', 226, 20, 23, 'HNJ2662187', '2019-11-09 11:30:00', '2021-04-24 04:26:37'),
(59, 'Bagavathiyammal', '', 'Female', 36, '', '', '23B', 'Santhamoorthi Street', 'Melapalayam', 392, 30, 1018, '0', 226, 20, 23, 'HNJ4001848', '2019-11-09 11:30:00', '2021-04-24 04:29:07'),
(62, 'Anandhi', '', 'Female', 45, '', '', '28A', 'Santhamoorthi Street', 'Melapalayam', 392, 30, 1018, '9487057109', 226, 20, 23, 'HNJ2659951', '2019-11-09 11:30:00', '2021-04-24 04:36:06'),
(63, 'Venkatesh', '', 'Male', 50, '', '', 'New No : 24 / Old No : 114', 'Santhamoorthi Street', 'Melapalayam', 392, 30, 1018, '0', 226, 20, 23, 'XQP0537415', '2019-11-09 11:30:00', '2021-04-24 04:47:07'),
(64, 'Kumari', '', 'Female', 49, '', '', '24', 'Santhamoorthi Street', 'Melapalayam', 392, 30, 1018, '0', 226, 20, 23, 'XQP1145911', '2019-11-09 11:30:00', '2021-04-24 04:49:09'),
(65, 'Veeralakshmi', '', 'Female', 30, '', '', 'New No 24B/ Old No 114B', 'Santhamoorthi Street', 'Melapalayam', 392, 30, 1018, '9865717592', 226, 20, 23, 'XQP0537258', '2019-11-09 11:30:00', '2021-04-24 04:53:00'),
(66, 'Lila', '', 'Female', 50, '', '', '25', 'Santhamoorthi Street', 'Melapalayam', 392, 30, 1018, '8144643179', 226, 20, 23, 'XQP0818435', '2019-11-09 11:30:00', '2021-04-24 04:55:51'),
(67, 'Mogamathu usain', '', 'Male', 25, '', '', 'New No : 25/ Old No : 156', 'Santhamoorthi Street', 'Melapalayam', 392, 30, 1018, '0', 226, 20, 23, 'XQP1225937', '2019-11-09 11:30:00', '2021-04-24 04:58:34'),
(68, 'GANESH KARTHIK', '', 'Male', 35, '', '', '26', 'Santhamoorthi Street', 'Melapalayam', 392, 30, 1018, '9944335651', 226, 20, 23, 'HNJ2659381', '2019-11-09 11:30:00', '2021-04-24 05:01:47'),
(69, 'Pitchammal', '', 'Female', 46, '', '', '28', 'Santhamoorthi Street', 'Melapalayam', 392, 30, 1018, '0', 226, 20, 23, 'HNJ2659746', '2019-11-09 11:30:00', '2021-04-24 05:05:16'),
(70, 'Selvi', '', 'Female', 44, '', '', '28D', 'Santhamoorthi Street', 'Melapalayam', 392, 30, 1018, '9486035834', 226, 20, 23, 'HNJ2660041', '2019-11-09 11:30:00', '2021-04-24 05:09:14'),
(71, 'Arumuganainar', '', 'Male', 49, '', '', '29', 'Santhamoorthi Street', 'Melapalayam', 392, 30, 1018, '0', 226, 20, 23, 'HNJ2658987', '2019-11-09 11:30:00', '2021-04-24 05:15:24'),
(72, 'Muthu Narayanan', '', 'Male', 47, '', '', 'New No : 30/ Old No : 30', 'Santhamoorthi Street', 'Melapalayam', 392, 30, 1018, '8012061959', 226, 20, 23, 'XQP0686055', '2019-11-09 11:30:00', '2021-04-24 05:19:41'),
(73, 'Sivakumari', '', 'Female', 36, '', '', '31', 'Santhamoorthi', 'Melapalayam', 392, 30, 1018, '0', 226, 20, 23, 'HNJ3505286', '2019-11-09 11:30:00', '2021-04-24 05:21:49'),
(74, 'Sankara Narayanan', '', 'Male', 36, '', '', '30C', 'Santhamoorthi Street', 'Melapalayam', 392, 30, 1018, '0', 226, 20, 23, 'XQP1225911', '2019-11-09 11:30:00', '2021-04-24 07:44:37'),
(75, 'Ravishankar', '', 'Male', 44, '', '', '31', 'Santhamoorthi Street', 'Melapalayam', 392, 30, 1018, '0', 226, 20, 23, 'HNJ2664266', '2019-11-09 11:30:00', '2021-04-24 07:51:11'),
(76, 'Ranganathan', '', 'Male', 46, '', '', 'New No : 32/ Old No : 91', 'Santhamoorthi Street', 'Melapalayam', 392, 30, 1018, '8220668222', 226, 20, 23, 'XQP1870484', '2019-11-09 11:30:00', '2021-04-24 12:15:38'),
(77, 'Perachi Selvan', '', 'Male', 31, '', '', '19B', 'Sokkanatha Kovil Sannathi Street', 'Melapalayam', 392, 30, 1018, '0', 226, 21, 26, 'XQP0818419', '2019-11-09 11:30:00', '2021-04-26 04:53:30'),
(78, 'Sankara Lingam', '', 'Male', 25, '', '', '20-6', 'Sokkanatha Kovil Sannathi Street', 'Melapalayam', 392, 30, 1018, '0', 226, 21, 26, 'XQP1065671', '2019-11-09 11:30:00', '2021-04-28 05:02:50'),
(79, 'Tharkaraja', '', 'Male', 26, '', '', '24', 'Sokkanatha Kovil Sannathi Street', 'Melapalayam', 392, 30, 1018, '0', 226, 21, 26, 'XQP1225606', '2019-11-09 11:30:00', '2021-04-28 05:05:56'),
(80, 'Venkatesha Perumal', '', 'Male', 31, '', '', '25A', 'Sokkanatha Kovil Sannathi Street', 'Melapalayam', 392, 30, 1018, '9043847518', 226, 21, 26, 'XQP0536664', '2019-11-09 11:30:00', '2021-04-28 05:08:28'),
(81, 'Paramasivan', '', 'Male', 42, '', '', '26', 'Sokkanatha Kovil Sannathi Street', 'Melapalayam', 392, 30, 1018, '9629360367', 226, 21, 26, 'HNJ2678399', '2019-11-09 11:30:00', '2021-04-28 05:11:15'),
(82, 'Subulakshmi', '', 'Female', 33, '', '', '27A', 'Sokkanatha Kovil Sannathi Street', 'Melapalayam', 392, 30, 1018, '0', 226, 21, 26, 'XQP1145184', '2019-11-09 11:30:00', '2021-04-28 05:13:25'),
(83, 'Kalidoss', '', 'Male', 36, '', '', '30', 'Sokkanatha Kovil Sannathi Street', 'Melapalayam', 392, 30, 1018, '8939554334', 226, 21, 26, 'HNJ2680353', '2019-11-09 11:30:00', '2021-04-28 05:15:05'),
(84, 'Padma ', '', 'Female', 29, '', '', '31', 'Sokkanatha Kovil Sannathi Street', 'Melapalayam', 392, 30, 1018, '0', 226, 21, 26, 'XQP1065689', '2019-11-09 11:30:00', '2021-04-28 05:20:47'),
(85, 'Subbulakshmi', '', 'Female', 42, '', '', '33', 'Sokkanatha Kovil Street', 'Melapalayam', 392, 30, 1018, '0', 226, 21, 26, 'HNJ2676138', '2019-11-09 11:30:00', '2021-04-28 05:23:13'),
(86, 'muthumari', '', 'Female', 29, '', '', '33', 'Sokkanatha Kovil Sannathi Street', 'Melapalayam', 392, 30, 1018, '9677866140', 226, 21, 26, 'XQP1145218', '2019-11-09 11:30:00', '2021-04-28 05:24:44'),
(87, 'marimuthu', '', 'Male', 24, '', '', '35', 'Sokkanatha Kovil Sannathi Street', 'Melapalayam', 392, 30, 1018, '9626997578', 226, 21, 26, 'XQP1145267', '2019-11-09 11:30:00', '2021-04-28 05:36:51'),
(88, 'selvam', '', 'Male', 24, '', '', '36', 'Sokkanatha Kovil Sannathi Street', 'Melapalayam', 392, 30, 1018, '0', 226, 21, 26, 'XQP1145242', '2019-11-09 11:30:00', '2021-04-28 05:38:08'),
(89, 'Esakki', '', 'Male', 29, '', '', '40', 'Sokkanatha Kovil Sannathi Street', 'Melapalayam', 392, 30, 1018, '8489742818', 226, 21, 26, 'XQP0536680', '2019-11-09 11:30:00', '2021-04-28 05:39:30'),
(90, 'Durka', '', 'Female', 25, '', '', '41A', 'Sokkanatha Kovil Sannathi Street', 'Melapalayam', 392, 30, 1018, '0', 226, 21, 26, 'XQP1145382', '2019-11-09 11:30:00', '2021-04-28 05:43:07'),
(91, 'mariswari', '', 'Female', 27, '', '', '42', 'Sokkanatha Kovil Sannathi Street', 'Melapalayam', 392, 30, 1018, '0', 226, 21, 26, 'XQP1145150', '2019-11-09 11:30:00', '2021-04-28 05:44:39'),
(92, 'Muthara selvi', '', 'Female', 34, '', '', '42a', 'Sokkanatha Kovil Sannathi Street', 'Melapalayam', 392, 30, 1018, '0', 226, 21, 26, 'XQP0536672', '2019-11-09 11:30:00', '2021-04-28 05:46:04'),
(93, 'Muthachi', '', 'Female', 34, '', '', '44C', 'Sokkanatha Kovil Sannathi Street', 'Melapalayam', 392, 30, 1018, '9788133021', 226, 21, 26, 'XQP0536698', '2019-11-09 11:30:00', '2021-04-28 05:47:39'),
(94, 'Subramaniyan', '', 'Male', 29, '', '', '44C', 'Sokkanatha Kovil Sannathi Street', 'Melapalayam', 392, 30, 1018, '9788133021', 226, 21, 26, 'XQP0536649', '2019-11-09 11:30:00', '2021-04-28 05:49:03'),
(95, 'Murugan', '', 'Male', 31, '', '', '52-22', 'Sokkanatha Kovil Sannathi Street', 'Melapalayam', 392, 30, 1018, '8695917884', 226, 21, 26, 'XQP0109579', '2019-11-09 11:30:00', '2021-04-28 05:50:07'),
(96, 'kaliyammal', '', 'Female', 24, '', '', '52a', 'Sokkanatha Kovil Sannathi Street', 'Melapalayam', 392, 30, 1018, '0', 226, 21, 26, 'XQP1358837', '2019-11-09 11:30:00', '2021-04-28 05:51:52'),
(97, 'Subbramanian', '', 'Male', 34, '', '', '167', 'Sokkanatha Kovil Sannathi Street', 'Melapalayam', 392, 30, 1018, '0', 226, 21, 26, 'HNJ2680155', '2019-11-09 11:30:00', '2021-04-28 05:53:06'),
(98, 'Jeyalakshmi', '', 'Female', 48, '', '', 'Old No: 1, New No: 12', 'Marudhupandiyar 2nd Street', 'Melapalayam', 392, 30, 1018, '7418496737', 226, 21, 27, 'XQP1833623', '2019-11-09 11:30:00', '2021-04-28 06:02:18'),
(99, 'Selvi', '', 'Female', 47, '', '', '1', 'Marudhupandiyar 2nd Street', 'Melapalayam', 392, 30, 1018, '0', 226, 21, 27, 'XQP0536052', '2019-11-09 11:30:00', '2021-04-28 06:03:36'),
(100, 'Raja poorani', '', 'Female', 32, '', '', '1', 'Marudhupandiyar 2nd Street', 'Melapalayam', 392, 30, 1018, '0', 226, 21, 27, 'XQP0536011', '2019-11-09 11:30:00', '2021-04-28 06:05:08'),
(101, 'Muthukumar', '', 'Male', 26, '', '', '1a', 'Marudhupandiyar 2nd Street', 'Melapalayam', 392, 30, 1018, '0', 226, 21, 27, 'XQP1065747', '2019-11-09 11:30:00', '2021-04-28 06:06:35'),
(102, 'Muthu selvam', '', 'Male', 31, '', '', 'New No: 2, Old No: 24', 'Marudhupandiyar 2nd Street', 'Melapalayam', 392, 30, 1018, '0', 226, 21, 27, 'XQP0206102', '2019-11-09 11:30:00', '2021-04-28 06:12:29'),
(103, 'Maharaja', '', 'Male', 41, '', '', 'New No: 3, Old No: 10', 'Marudhupandiyar 2nd Street', 'Melapalayam', 392, 30, 1018, '9976731001', 226, 21, 27, 'HNJ2679694', '2019-11-09 11:30:00', '2021-04-28 06:14:14'),
(104, 'Sudalai kannu', '', 'Male', 41, '', '', '3', 'Marudhupandiyar 2nd Street', 'Melapalayam', 392, 30, 1018, '9367609745', 226, 21, 27, 'XQP0685974', '2019-11-09 11:30:00', '2021-04-28 06:16:03'),
(105, 'meena', '', 'Female', 48, '', '', 'New No: 5, Old No: 39', 'Marudhupandiyar 2nd Street', 'Melapalayam', 392, 30, 1018, '0', 226, 21, 27, 'XQP0685990', '2019-11-09 11:30:00', '2021-04-28 06:18:32'),
(106, 'Syed Ali', '', 'Male', 41, '', '', '6', 'Marudhupandiyar 2nd Street', 'Melapalayam', 392, 30, 1018, '0', 226, 21, 27, 'XQP1145358', '2019-11-09 11:30:00', '2021-04-28 06:21:49'),
(107, 'Indra', '', 'Female', 30, '', '', '7', 'Marudhupandiyar 2nd Street', 'Melapalayam', 392, 30, 1018, '9994161087', 226, 21, 27, 'XQP0206086', '2019-11-09 11:30:00', '2021-05-07 05:26:39'),
(108, 'Shanthi', '', 'Female', 43, '', '', 'New No: 11, Old No: 8', 'Marudhupandiyar 2nd Street', 'Melapalayam', 392, 30, 1018, '0', 226, 21, 27, 'HNJ2675817', '2019-11-09 11:30:00', '2021-05-07 05:31:12'),
(109, 'Manikandan', '', 'Male', 44, '', '', '12', 'Marudhupandiyar 2nd Street', 'Melapalayam', 392, 30, 1018, '0', 226, 21, 27, 'XQP1833664', '2019-11-09 11:30:00', '2021-05-07 05:32:42'),
(110, 'Ramaselvi', '', 'Female', 35, '', '', 'New No: 13, Old No: 7', 'Marudhupandiyar 2nd Street', 'Melapalayam', 392, 30, 1018, '0', 226, 21, 27, 'HNJ2679066', '2019-11-09 11:30:00', '2021-05-07 05:34:44'),
(111, 'Sathesh', '', 'Male', 23, '', '', '16-A', 'Marudhupandiyar 2nd Street', 'Melapalayam', 392, 30, 1018, '0', 226, 21, 27, 'XQP1336304', '2019-11-09 11:30:00', '2021-05-07 05:36:44'),
(112, 'Shanmugaraja', '', 'Male', 34, '', '', 'New No: 17, Old No: 6', 'Marudhupandiyar 2nd Street', 'Melapalayam', 392, 30, 1018, '0', 226, 21, 27, 'HNJ2679322', '2019-11-09 11:30:00', '2021-05-07 05:39:30'),
(113, 'Tamil Selvi', '', 'Female', 30, '', '', 'New No: 17-6, Old No: 6', 'Marudhupandiyar 2nd Street', 'Melapalayam', 392, 30, 1018, '9944043434', 226, 21, 27, 'XQP0604884', '2019-11-09 11:30:00', '2021-05-07 05:40:50'),
(114, 'Syedali', '', 'Male', 39, '', '', '22', 'Marudhupandiyar 2nd Street', 'Melapalayam', 392, 30, 1018, '0', 226, 21, 27, 'HNJ2678605', '2019-11-09 11:30:00', '2021-05-07 05:43:12'),
(115, 'Selvi', '', 'Female', 31, '', '', '25', 'Marudhupandiyar 2nd Street', 'Melapalayam', 392, 30, 1018, '9655662503', 226, 21, 27, 'XQP0817833', '2019-11-09 11:30:00', '2021-05-07 05:44:39'),
(116, 'Petchi Muthu', '', 'Male', 28, '', '', '25-45', 'Marudhupandiyar 2nd Street', 'Melapalayam', 392, 30, 1018, '0', 226, 21, 27, 'XQP0942433', '2019-11-09 11:30:00', '2021-05-07 05:45:40'),
(117, 'Karupasamy', '', 'Male', 29, '', '', '28-A', 'Marudhupandiyar 2nd Street', 'Melapalayam', 392, 30, 1018, '0', 226, 21, 27, 'XQP1364686', '2019-11-09 11:30:00', '2021-05-07 05:46:54'),
(118, 'Asirvatham', '', 'Male', 33, '', '', '28C', 'Marudhupandiyar 2nd Street', 'Melapalayam', 392, 30, 1018, '0', 226, 21, 27, 'XQP1065788', '2019-11-09 11:30:00', '2021-05-07 05:48:43'),
(119, 'Amudha', '', 'Female', 44, '', '', 'New No: 32, Old No: 4', 'Marudhupandiyar 2nd Street', 'Melapalayam', 392, 30, 1018, '7845560262', 226, 21, 27, 'HNJ2678548', '2019-11-09 11:30:00', '2021-05-07 06:12:34'),
(120, 'Muthatchi', '', 'Female', 36, '', '', 'New No: 32, Old No: 4', 'Marudhupandiyar 2nd Street', 'Melapalayam', 392, 30, 1018, '7845560262', 226, 21, 27, 'HNJ2678563', '2019-11-09 11:30:00', '2021-05-07 06:16:15'),
(121, 'Muthu', '', 'Male', 36, '', '', '44A', 'Marudhupandiyar 2nd Street', 'Melapalayam', 392, 30, 1018, '0', 226, 21, 27, 'XQP0536706', '2019-11-09 11:30:00', '2021-05-07 06:17:45'),
(122, 'Sri Raman', '', 'Male', 23, '', '', '44P', 'Marudhupandiyar 2nd Street', 'Melapalayam', 392, 30, 1018, '0', 226, 21, 27, 'XQP1358886', '2019-11-09 11:30:00', '2021-05-07 06:21:54'),
(123, 'Vinoth kumar', '', 'Female', 24, '', '', '66', 'Marudhupandiyar 2nd Street', 'Melapalayam', 392, 30, 1018, '0', 226, 21, 27, 'XQP1065762', '2019-11-09 11:30:00', '2021-05-07 07:27:00'),
(124, 'Veeramanikan', '', 'Male', 46, '', '', '101', 'Marudhupandiyar 2nd Street', 'Melapalayam', 392, 30, 1018, '0', 226, 21, 27, 'XQP0536029', '2019-11-09 11:30:00', '2021-05-07 10:17:27'),
(125, 'Vijayadurga', '', 'Female', 36, '', '', 'New No: 1, Old No: 43', 'Marudhupandiyar 3rd Steet', 'Melapalayam', 392, 30, 1018, '0', 226, 21, 28, 'HNJ2675916', '2019-11-09 11:30:00', '2021-05-07 10:31:20'),
(126, 'Muthulakshmi', '', 'Female', 35, '', '', 'New No: 1, Old No: 43', 'Marudhupandiyar 3rd Steet', 'Melapalayam', 392, 30, 1018, '0', 226, 21, 28, 'XQP0536714', '2019-11-09 11:30:00', '2021-05-07 10:47:15'),
(127, 'Kovindasamy', '', 'Male', 48, '', '', '1A', 'Marudhupandiyar 3rd Steet', 'Melapalayam', 392, 30, 1018, '0', 226, 21, 28, 'HNJ3948304', '2019-11-09 11:30:00', '2021-05-07 11:02:39'),
(128, 'Kowshiknarayan', '', 'Male', 27, '', '', 'New No: 2, Old No: 1A', 'Marudhupandiyar 3rd Steet', 'Melapalayam', 392, 30, 1018, '0', 226, 21, 28, 'XQP0942235', '2019-11-09 11:30:00', '2021-05-07 11:36:40'),
(129, 'Srinivasan', '', 'Male', 25, '', '', 'New No: 3, Old No: 10', 'Marudhupandiyar 3rd Street', 'Melapalayam', 392, 30, 1018, '0', 226, 21, 28, 'XQP1225622', '2019-11-09 11:30:00', '2021-05-07 11:40:49'),
(130, 'Radha', '', 'Female', 46, '', '', 'New No: 3-1, Old No: 42A', 'Marudhupandiyar 3rd Street', 'Melapalayam', 392, 30, 1018, '9600865848', 226, 21, 28, 'HNJ2678845', '2019-11-09 11:30:00', '2021-05-07 11:42:33'),
(131, 'Chithirai Pandian', '', 'Male', 47, '', '', 'New No: 3D, Old No: 25', 'Marudhupandiyar 3rd Street', 'Melapalayam', 392, 30, 1018, '0', 226, 21, 28, 'XQP1145473', '2019-11-09 11:30:00', '2021-05-07 11:51:25'),
(133, 'Thalavai', '', 'Male', 43, '', '', 'New No: 5-1, Old No: 41A', 'Marudhupandiyar 3rd Street', 'Melapalayam', 392, 30, 1018, '9786039200', 226, 21, 28, 'XQP1833813', '2019-11-09 11:30:00', '2021-05-07 11:54:00'),
(134, 'Mariammal', '', 'Female', 39, '', '', 'New No: 6, Old No: 1A1', 'Marudhupandiyar 3rd Street', 'Melapalayam', 392, 30, 1018, '0', 226, 21, 28, 'HNJ2678852', '2019-11-09 11:30:00', '2021-05-07 12:08:58'),
(135, 'Sundara Pandiyan', '', 'Male', 32, '', '', '7-B', 'Marudhupandiyar 3rd Street', 'Melapalayam', 392, 30, 1018, '0', 226, 21, 28, 'XQP0536763', '2019-11-09 11:30:00', '2021-05-07 12:10:49'),
(136, 'Siva subbu', '', 'Male', 49, '', '', '8-1', 'Marudhupandiyar 3rd Street', 'Melapalayam', 392, 30, 1018, '8925589220', 226, 21, 28, 'XQP1833839', '2019-11-09 11:30:00', '2021-05-07 12:13:03'),
(137, 'Pechiappan', '', 'Male', 45, '', '', '9', 'Marudhupandiyar 3rd Street', 'Melapalayam', 392, 30, 1018, '9597666200', 226, 21, 28, 'XQP0817700', '2019-11-09 11:30:00', '2021-05-07 12:15:16'),
(138, 'Gomathiammal', '', 'Female', 43, '', '', '9', 'Marudhupandiyar 3rd Street', 'Melapalayam', 392, 30, 1018, '0', 226, 21, 28, 'XQP0817692', '2019-11-09 11:30:00', '2021-05-07 12:16:51'),
(139, 'Ramar', '', 'Male', 33, '', '', '9', 'Marudhupandiyar 3rd Street', 'Melapalayam', 392, 30, 1018, '0', 226, 21, 28, 'HNJ2678522', '2019-11-09 11:30:00', '2021-05-08 05:18:29'),
(140, 'Pitchaiah', '', 'Male', 30, '', '', '9', 'Marudhupandiyar 3rd Street', 'Melapalayam', 392, 30, 1018, '9994575268', 226, 21, 28, 'XQP0536078', '2019-11-09 11:30:00', '2021-05-08 05:21:24'),
(141, 'Esakki selvam', '', 'Male', 26, '', '', '10', 'Marudhupandiyar 3rd Street', 'Melapalayam', 392, 30, 1018, '7667571579', 226, 21, 28, 'XQP1358811', '2019-11-09 11:30:00', '2021-05-08 05:23:36'),
(142, 'Mahalakshmi', '', 'Female', 35, '', '', 'New No: 11, Old No: 37', 'Marudhupandiyar 3rd Street', 'Melapalayam', 392, 30, 1018, '0', 226, 21, 28, 'HNJ3563210', '2019-11-09 11:30:00', '2021-05-08 05:27:49'),
(143, 'Raja', '', 'Male', 29, '', '', 'New No:12, Old No: 6', 'Marudhupandiyar 3rd Street', 'Melapalayam', 392, 30, 1018, '9944802325', 226, 21, 28, 'XQP0537118', '2019-11-09 11:30:00', '2021-05-08 05:30:54'),
(144, 'Mariammal', '', 'Female', 37, '', '', 'New No: 13, Old No: 36', 'Marudhupandiyar 3rd Street', 'Melapalayam', 392, 30, 1018, '9952624179', 226, 21, 28, 'HNJ2677920', '2019-11-09 11:30:00', '2021-05-08 05:32:53'),
(145, 'Sudalaikannu', '', 'Male', 35, '', '', 'New No: 14, Old No: 9', 'Marudhupandiyar 3rd Street', 'Melapalayam', 392, 30, 1018, '0', 226, 21, 28, 'HNJ3224391', '2019-11-09 11:30:00', '2021-05-08 05:35:09'),
(146, 'Varatharajaselvan', '', 'Male', 85, '', '', 'New No: 15, Old No: 35', 'Marudhupandiyar 3rd Street', 'Melapalayam', 392, 30, 1018, '8608728079', 226, 21, 28, 'XQP1225630', '2019-11-09 11:30:00', '2021-05-08 05:43:45'),
(147, 'Tamizharasan', '', 'Male', 34, '', '', 'New No: 16, Old No: 10', 'Marudhupandiyar 3rd Street', 'Melapalayam', 392, 30, 1018, '0', 226, 21, 28, 'HNJ2679934', '2019-11-09 11:30:00', '2021-05-08 05:47:29'),
(148, 'Palavasam', '', 'Male', 30, '', '', '16-24', 'Marudhupandiyar 3rd Street', 'Melapalayam', 392, 30, 1018, '0', 226, 21, 28, 'XQP0536060', '2019-11-09 11:30:00', '2021-05-08 05:49:29'),
(149, 'Nithya', '', 'Female', 34, '', '', 'New No: 18, Old No: 13', 'Marudhupandiyar 3rd Street', 'Melapalayam', 392, 30, 1018, '0', 226, 21, 28, 'HNJ2679223', '2019-11-09 11:30:00', '2021-05-08 05:51:09'),
(150, 'Patchi', '', 'Male', 4, '', '', '20', 'Marudhupandiyar 3rd Street', 'Melapalayam', 392, 30, 1018, '0', 226, 21, 28, 'XQP1065697', '2019-11-09 11:30:00', '2021-05-08 05:56:19'),
(151, 'Veeraputhiran', '', 'Male', 24, '', '', '21', 'Marudhupandiyar 3rd Street', 'Melapalayam', 392, 30, 1018, '0', 226, 21, 28, 'XQP1225655', '2019-11-09 11:30:00', '2021-05-08 05:58:25'),
(152, 'Mandiramurthy', '', 'Male', 39, '', '', 'New No: 22, Old No: 13B', 'Marudhupandiyar 3rd Street', 'Melapalayam', 392, 30, 1018, '0', 226, 21, 28, 'HNJ2678704', '2019-11-09 11:30:00', '2021-05-08 06:00:27'),
(153, 'Raj Palavesam ', '', 'Male', 29, '', '', 'New No: 22, Old No: 16-A', 'Marudhupandiyar 3rd Street', 'Melapalayam', 392, 30, 1018, '0', 226, 21, 28, 'XQP0536144', '2019-11-09 11:30:00', '2021-05-08 06:03:32'),
(154, 'Revathi', '', 'Female', 34, '', '', 'New No: 28, Old No: 16', 'Marudhupandiyar 3rd Street', 'Melapalayam', 392, 30, 1018, '0', 226, 21, 28, 'HNJ3563368', '2019-11-09 11:30:00', '2021-05-08 06:05:50'),
(155, 'Sri devi', '', 'Female', 32, '', '', 'New No: 28, Old No: 23', 'Marudhupandiyar 3rd Street', 'Melapalayam', 392, 30, 1018, '0', 226, 21, 28, 'XQP0685834', '2019-11-09 11:30:00', '2021-05-08 06:08:00'),
(156, 'MUTHU PANDI', '', 'Male', 57, '', '', 'New No: 30, Old No: 16A', 'Marudhupandiyar 3rd Street', 'Melapalayam', 392, 30, 1018, '9791993750', 226, 21, 28, 'HNJ2677490', '2019-11-09 11:30:00', '2021-05-08 06:10:05'),
(157, 'Muthu Selvam', '', 'Male', 42, '', '', 'New No: 34, Old No: 12A', 'Marudhupandiyar 3rd Street', 'Melapalayam', 392, 30, 1018, '0', 226, 21, 28, 'XQP0536748', '2019-11-09 11:30:00', '2021-05-08 06:12:11'),
(158, 'Sivasubramanian', '', 'Male', 33, '', '', '36', 'Marudhupandiyar 3rd Street', 'Melapalayam', 392, 30, 1018, '0', 226, 21, 28, 'XQP0686980', '2019-11-09 11:30:00', '2021-05-08 11:28:02'),
(159, 'Mariappan', '', 'Male', 38, '', '', '37', 'Marudhupandiyar 3rd Street', 'Melapalayam', 392, 30, 1018, '0', 226, 21, 28, 'XQP0686014', '2019-11-09 11:30:00', '2021-05-08 11:29:06'),
(160, 'ramesh muthu', '', 'Male', 34, '', '', 'New No: 38, Old No: 23', 'Marudhupandiyar 3rd Street', 'Melapalayam', 392, 30, 1018, '0', 226, 21, 28, 'HNJ2679942', '2019-11-09 11:30:00', '2021-05-08 11:30:38'),
(161, 'ashokkumar', '', 'Male', 41, '', '', '39', 'Marudhupandiyar 3rd Street', 'Melapalayam', 392, 30, 1018, '0', 226, 21, 28, 'XQP1145283', '2019-11-09 11:30:00', '2021-05-08 11:31:54'),
(162, 'Chellaiah', '', 'Male', 49, '', '', 'New No: 40, Old No: 25', 'Marudhupandiyar 3rd Street', 'Melapalayam', 392, 30, 1018, '0', 226, 21, 28, 'HNJ2679140', '2019-11-09 11:30:00', '2021-05-08 11:33:29'),
(163, 'Kokila', '', 'Female', 24, '', '', '42', 'Marudhupandiyar 3rd Street', 'Melapalayam', 392, 30, 1018, '0', 226, 21, 28, 'XQP1225762', '2019-11-09 11:30:00', '2021-05-08 11:34:55'),
(164, 'Ganesamoorthi', '', 'Male', 42, '', '', '43', 'Marudhupandiyar 3rd Street', 'Melapalayam', 392, 30, 1018, '0', 226, 21, 28, 'HNJ1461425', '2019-11-09 11:30:00', '2021-05-08 11:38:13'),
(165, 'Senthilkumar', '', 'Male', 37, '', '', 'New No: 2, Old No: 1', 'Marudhupandiyar 4th Street', 'Melapalayam', 392, 30, 1018, '0', 226, 21, 29, 'HNJ2677813', '2019-11-09 11:30:00', '2021-05-08 11:42:04'),
(166, 'Chelladurai', '', '', 44, '', '', 'New No: 4, Old No: 6', 'Marudhupandiyar 4th Street', 'Melapalayam', 392, 30, 1018, '9865048055', 226, 21, 29, 'HNJ4212874', '2019-11-09 11:30:00', '2021-05-08 11:51:02'),
(167, 'Mariyappan', '', 'Male', 51, '', '', 'New No: 4-1, Old No: 6', 'Marudhupandiyar 4th Street', 'Melapalayam', 392, 30, 1018, '9578826917', 226, 21, 29, 'HNJ2680221', '2019-11-09 11:30:00', '2021-05-08 11:52:22'),
(168, 'RajaUdaiyar', '', 'Male', 39, '', '', '8A', 'Marudhupandiyar 4th Street', 'Melapalayam', 392, 30, 1018, '9366702661', 226, 21, 29, 'HNJ2679454', '2019-11-09 11:30:00', '2021-05-08 12:06:04'),
(169, 'Maruthu', '', 'Male', 35, '', '', '8A', 'Marudhupandiyar 4th Street', 'Melapalayam', 392, 30, 1018, '0', 226, 21, 29, 'XQP1225754', '2019-11-09 11:30:00', '2021-05-08 12:07:31'),
(170, 'Nathiya', '', 'Female', 29, '', '', '9', 'Marudhupandiyar 4th Street', 'Melapalayam', 392, 30, 1018, '0', 226, 21, 29, 'XQP1225689', '2019-11-09 11:30:00', '2021-05-08 12:15:22'),
(171, 'Viji', '', 'Female', 41, '', '', 'New No: 1, Old No: 14B', 'Marudhupandiyar 4th Street', 'Melapalayam', 392, 30, 1018, '9790026615', 226, 21, 29, 'HNJ1498260', '2019-11-09 11:30:00', '2021-05-08 12:20:51'),
(172, 'Sudalaimuthu', '', 'Male', 42, '', '', '32A', 'Santhamoorthi Street', 'Melapalayam', 392, 30, 1018, '0', 226, 20, 23, 'HNJ2663961', '2019-11-09 11:30:00', '2021-06-29 07:04:23'),
(173, 'Rajkumar', '', 'Male', 37, '', '', '32A', 'Santhamoorthi Street', 'Melapalayam', 392, 30, 1018, '0', 226, 20, 23, 'XQP0206185', '2019-11-09 11:30:00', '2021-06-29 07:08:45'),
(174, 'Revathi', '', 'Female', 38, '', '', '33', 'Santhamoorthi Street', 'Melapalayam', 392, 30, 1018, '0', 226, 20, 23, 'HNJ2661031', '2019-11-09 11:30:00', '2021-06-29 07:12:30'),
(175, 'Murugan', '', 'Male', 46, '', '', '34', 'Santhamoorthi Street', 'Melapalayam', 392, 30, 1018, '0', 226, 20, 23, 'HNJ2660371', '2019-11-09 11:30:00', '2021-06-29 07:14:47'),
(176, 'Selvi', '', 'Female', 39, '', '', '34', 'Santhamoorthi Street', 'Melapalayam', 392, 30, 1018, '9944335651', 226, 20, 23, 'XQP0819086', '2019-11-09 11:30:00', '2021-06-29 07:17:53'),
(177, 'Rajam', '', 'Female', 40, '', '', '34A', 'Santhamoorthi Street', 'Melapalayam', 392, 30, 1018, '7871099689', 226, 20, 23, 'HNJ3291465', '2019-11-09 11:30:00', '2021-06-29 07:57:45'),
(178, 'Mariyappan', '', 'Male', 35, '', '', '36', 'Santhamoorthi Street', 'Melapalayam', 392, 30, 1018, '0', 226, 20, 23, 'HNJ2663136', '2019-11-09 11:30:00', '2021-06-29 09:50:52'),
(179, 'Senthilmurugan', '', 'Male', 38, '', '', '36-1', 'Santhamoorthi Street', 'Melapalayam', 392, 30, 1018, '0', 226, 20, 23, 'HNJ2659092', '2019-11-09 11:30:00', '2021-06-29 09:59:57'),
(180, 'Angammal', '', 'Female', 44, '', '', 'New No 39 / Old No 38', 'Santhamoorthi Street', 'Melapalayam', 392, 30, 1018, '0', 226, 20, 23, 'HNJ2663599', '2019-11-09 11:30:00', '2021-06-29 10:03:10'),
(181, 'Amutha', '', 'Female', 34, '', '', 'New No 39 / Old No 60', 'Santhamoorthi Street', 'Melapalayam', 392, 30, 1018, '0', 226, 20, 23, 'XQP0537464', '2019-11-09 11:30:00', '2021-06-29 10:49:03'),
(182, 'Essakiyammal', '', 'Female', 35, '', '', '39-2', 'Santhamoorthi Street', 'Melapalayam', 392, 30, 1018, '0', 226, 20, 23, 'HNJ2664167', '2019-11-09 11:30:00', '2021-06-29 10:52:38'),
(183, 'Selvaraj', '', 'Male', 49, '', '', '39-3', 'Santhamoorthi Street', 'Melapalayam', 392, 30, 1018, '0', 225, 20, 23, 'XQP1065911', '2019-11-09 11:30:00', '2021-06-30 05:02:56'),
(184, 'Maheswari', '', 'Female', 29, '', '', '39-4', 'Santhamoorthi Street', 'Melapalayam', 392, 30, 1018, '0', 225, 20, 23, 'XQP0942540', '2019-11-09 11:30:00', '2021-06-30 05:05:49'),
(185, 'Mari', '', 'Female', 46, '', '', '40', 'Santhamoorthi Street', 'Melapalayam', 392, 30, 1018, '9894532937', 225, 20, 23, '9894532937', '2019-11-09 11:30:00', '2021-06-30 05:09:21'),
(186, 'Muthusamy', '', 'Male', 50, '', '', '40-4', 'Santhamoorthi Street', 'Melapalayam', 392, 30, 1018, '0', 226, 20, 23, 'HNJ2660280', '2019-11-09 11:30:00', '2021-06-30 07:47:50'),
(187, 'Thayammal', '', 'Female', 48, '', '', '40-1', 'Santhamoorthi Street', 'Melapalayam', 392, 30, 1018, '9786110333', 226, 20, 23, 'XQP1870609', '2019-11-09 11:30:00', '2021-06-30 07:54:28'),
(188, 'Mariammal', '', 'Female', 44, '', '', '40B', 'Santhamoorthi Street', 'Melapalayam', 392, 30, 1018, '0', 226, 20, 23, 'HNJ2660413', '2019-11-09 11:30:00', '2021-06-30 07:57:50'),
(189, 'Palani', '', 'Male', 40, '', '', 'New No 41 / Old No 73', 'Santhamoorthi Street', 'Melapalayam', 392, 30, 1018, '9489301792', 226, 20, 23, 'XQP0686469', '2019-11-09 11:30:00', '2021-06-30 08:01:30'),
(190, 'Nayagam', '', 'Male', 43, '', '', '42', 'Santhamoorthi Street', 'Melapalayam', 392, 30, 1018, '0', 226, 20, 23, 'HNJ2661767', '2019-11-09 11:30:00', '2021-06-30 09:30:24'),
(191, 'Sri Sathya', '', 'Female', 38, '', '', '43-8', 'Santhamoorthi Street', 'Melapalayam', 392, 30, 1018, '9994845692', 226, 20, 23, 'XQP0818591', '2019-11-09 11:30:00', '2021-06-30 10:08:56'),
(192, 'Mookkandi', '', 'Male', 43, '', '', '43C', 'Santhamoorthi Street', 'Melapalayam', 392, 30, 1018, '9629368792', 226, 20, 23, 'HNJ2658888', '2019-11-09 11:30:00', '2021-06-30 11:13:43'),
(193, 'Vinagaya Mariyappan', '', 'Male', 48, '', '', '47', 'Santhamoorthi Street', 'Melapalayam', 392, 30, 1018, '0', 226, 20, 23, 'XQP0686360', '2019-11-09 11:30:00', '2021-06-30 11:20:08'),
(194, 'Palani Mariyappan', '', 'Male', 37, '', '', '47A', 'Santhamoorthi Street', 'Melapalayam', 392, 30, 1018, '0', 226, 20, 23, 'XQP0686436', '2019-11-09 11:30:00', '2021-06-30 11:29:29'),
(195, 'Manikandan', '', 'Male', 40, '', '', '52', 'Santhamoorthi Street', 'Melapalayam', 392, 30, 1018, '0', 226, 20, 23, 'XQP0818302', '2019-11-09 11:30:00', '2021-06-30 11:58:44'),
(196, 'Sudha', '', 'Female', 39, '', '', '54', 'Santhamoorthi Street', 'Melapalayam', 392, 30, 1018, '9842316428', 226, 20, 23, 'HNJ2663938', '2019-11-09 11:30:00', '2021-07-01 07:09:31'),
(197, 'Eswaramurthy', '', 'Male', 49, '', '', '55', 'Santhamoorthi Street', 'Melapalayam', 392, 30, 1018, '0', 226, 20, 23, 'HNJ3284353', '2019-11-09 11:30:00', '2021-07-01 07:14:10'),
(198, 'Meena', '', 'Female', 46, '', '', '56', 'Santhamoorthi Street', 'Melapalayam', 392, 30, 1018, '8754904496', 226, 20, 23, 'XQP1870690', '2019-11-09 11:30:00', '2021-07-01 09:25:07'),
(199, 'Sankaragomathi', '', 'Female', 40, '', '', '56-1', 'Santhamoorthi Street', 'Melapalayam', 392, 30, 1018, '0', 226, 20, 23, 'HNJ2659985', '2019-11-09 11:30:00', '2021-07-01 09:29:29'),
(200, 'Lakshmanan', '', 'Male', 44, '', '', '56-3', 'Santhamoorthi Street', 'Melapalayam', 392, 30, 1018, '0', 226, 20, 23, 'HNJ2663565', '2019-11-09 11:30:00', '2021-07-06 05:19:22'),
(201, 'Nagarajan', '', 'Male', 42, '', '', '56-2', 'Santhamoorthi Street', 'Melapalayam', 392, 30, 1018, '0', 226, 20, 23, 'XQP0983338', '2019-11-09 11:30:00', '2021-07-06 05:24:38'),
(202, 'Ramalakshmi', '', 'Female', 36, '', '', '56-4', 'Santhamoorthi Street', 'Melapalayam', 392, 30, 1018, '0', 226, 20, 23, 'HNJ2660520', '2019-11-09 11:30:00', '2021-07-06 06:00:45'),
(203, 'Vijayalakshmi', '', 'Female', 48, '', '', '58', 'Santhamoorthi Street', 'Melapalayam', 392, 30, 1018, '0', 226, 20, 23, 'XQP1870716', '2019-11-09 11:30:00', '2021-07-06 06:24:17'),
(204, 'Mageswari', '', 'Female', 44, '', '', '60', 'Santhamoorthi Street', 'Melapalayam', 392, 30, 1018, '0', 226, 20, 23, 'XQP1870724', '2019-11-09 11:30:00', '2021-07-06 06:26:42'),
(205, 'Muthusamy', '', 'Male', 37, '', '', 'New No 63B / Old No 133', 'Santhamoorthi Street', 'Melapalayam', 392, 30, 1018, '8098643911', 226, 20, 23, 'HNJ2658821', '2019-11-09 11:30:00', '2021-07-06 06:31:42'),
(206, 'Selvi', '', 'Female', 47, '', '', 'New No 61 / Old No 47', 'Santhamoorthi Street', 'Melapalayam', 392, 30, 1018, '9791833826', 226, 20, 23, 'XQP0537449', '2019-11-09 11:30:00', '2021-07-06 06:43:22'),
(207, 'Manthiramoorthy', '', 'Female', 37, '', '', 'New No 61 / Old No 47', 'Santhamoorthi Street', 'Melapalayam', 392, 30, 1018, '0', 226, 20, 23, 'XQP0818070', '2019-11-09 11:30:00', '2021-07-06 06:54:02'),
(208, 'subbu lakshmi', '', 'Male', 42, '', '', '61a', 'Santhamoorthi Street', 'Melapalayam', 392, 30, 1018, '0', 226, 20, 23, 'XQP0942714', '2019-11-09 11:30:00', '2021-07-06 07:01:00'),
(209, 'ayyammal', '', 'Female', 49, '', '', '61B', 'Santhamoorthi Street', 'Melapalayam', 392, 30, 1018, '0', 226, 20, 23, 'HNJ2658862', '2019-11-09 11:30:00', '2021-07-07 04:30:14'),
(210, 'Muthumari', '', 'Female', 44, '', '', '64', 'Santhamoorthi Street', 'Melapalayam', 392, 30, 1018, '0', 226, 20, 23, 'HNJ2662112', '2019-11-09 11:30:00', '2021-07-07 04:37:18'),
(211, 'Parvathi', '', 'Female', 38, '', '', '68', 'Santhamoorthi Street', 'Melapalayam', 392, 30, 1018, '0', 226, 20, 23, 'HNJ2960011', '2019-11-09 11:30:00', '2021-07-07 04:41:26'),
(212, 'Sivarama krishnan', '', 'Male', 40, '', '', '70', 'Santhamoorthi Street', 'Melapalayam', 392, 30, 1018, '0', 226, 20, 23, 'HNJ2661700', '2019-11-09 11:30:00', '2021-07-07 04:54:42'),
(213, 'Sakthivel', '', 'Male', 35, '', '', 'New No 35 / Old No 150', 'Santhamoorthi Street', 'Melapalayam', 392, 30, 1018, '0', 226, 20, 23, 'XQP0537639', '2019-11-09 11:30:00', '2021-07-07 04:59:52'),
(214, 'Manthiramoorthi', '', 'Male', 40, '', '', '70a', 'Santhamoorthi Street', 'Melapalayam', 392, 30, 1018, '0', 226, 20, 23, 'XQP0537407', '2019-11-09 11:30:00', '2021-07-07 05:02:01'),
(215, 'Arumugathammal', '', 'Female', 42, '', '', '71A', 'Santhamoorthi Street', 'Melapalayam', 392, 30, 1018, '0', 226, 20, 23, 'HNJ2663862', '2019-11-09 11:30:00', '2021-07-07 05:07:51'),
(216, 'Krishnan', '', 'Male', 50, '', '', '71B', 'Santhamoorthi Street', 'Melapalayam', 392, 30, 1018, '9952671867', 226, 20, 23, 'XQP1870815', '2019-11-09 11:30:00', '2021-07-07 05:10:35'),
(217, 'Sethuramalingam', '', 'Male', 48, '', '', '72', 'Santhamoorthi Street', 'Melapalayam', 392, 30, 1018, '0', 226, 20, 23, 'HNJ2662419', '2019-11-09 11:30:00', '2021-07-07 05:12:52'),
(218, 'Gomathinayagam', '', 'Male', 45, '', '', '73', 'Santhamoorthi Street', 'Melapalayam', 392, 30, 1018, '0', 226, 20, 23, 'XQP1870831', '2019-11-09 11:30:00', '2021-07-07 05:15:38'),
(219, 'Ponnukutti', '', 'Female', 41, '', '', '73a', 'Santhamoorthi Street	', 'Melapalayam', 392, 30, 1018, '9443080774', 226, 20, 23, 'HNJ2660835', '2019-11-09 11:30:00', '2021-07-07 05:22:32'),
(220, 'Sudalai', '', 'Male', 36, '', '', '73', 'Santhamoorthi Street	', 'Melapalayam', 392, 30, 1018, '9443315882', 226, 20, 23, 'HNJ2660702', '2019-11-09 11:30:00', '2021-07-07 05:25:30'),
(221, 'Jannath Brathas', '', 'Female', 32, '', '', '73', 'Santhamoorthi Street	', 'Melapalayam', 392, 30, 1018, '9597429210', 226, 20, 23, 'XQP0537282', '2019-11-09 11:30:00', '2021-07-07 05:28:49'),
(222, 'Muthukumar', '', 'Male', 37, '', '', '74A', 'Santhamoorthi Street', 'Melapalayam', 392, 30, 1018, '0', 226, 20, 23, 'HNJ3557212', '2019-11-09 11:30:00', '2021-07-07 07:25:47'),
(223, 'Devi', '', 'Female', 34, '', '', '74B', 'Santhamoorthi Street', 'Melapalayam', 392, 30, 1018, '0', 226, 20, 23, 'HNJ3286945', '2019-11-09 11:30:00', '2021-07-07 07:28:17'),
(224, 'manikandan', '', 'Male', 25, '', '', 'New No 75 / Old No 40', 'Santhamoorthi Street	', 'Melapalayam	', 392, 30, 1018, '9585473999', 226, 20, 23, 'XQP0942516', '2019-11-09 11:30:00', '2021-07-07 07:37:05'),
(225, 'Mariammal', '', 'Female', 45, '', '', '75A', 'Santhamoorthi Street', 'Melapalayam', 392, 30, 1018, '0', 226, 20, 23, 'HNJ2664241', '2019-11-09 11:30:00', '2021-07-07 07:39:35'),
(226, 'Pitchammal', '', 'Female', 48, '', '', 'New No 76-1 / Old No 153-1', 'Santhamoorthi Street', 'Melapalayam', 392, 30, 1018, '7598062099', 226, 20, 23, 'XQP0686386', '2019-11-09 11:30:00', '2021-07-07 07:43:35'),
(227, 'ICOURT MAHARAJA  ', '', 'Male', 22, '', '', '76-1', 'Santhamoorthi Street', 'Melapalayam', 392, 30, 1018, '8870729543', 226, 20, 23, 'XQP1428044', '2019-11-09 11:30:00', '2021-07-07 07:50:08'),
(228, 'Chitra', '', 'Female', 32, '', '', 'New No 78-5 / Old No 78', 'Santhamoorthi Street', 'Melapalayam', 392, 30, 1018, '0', 226, 20, 23, 'XQP1066240', '2019-11-09 11:30:00', '2021-07-07 07:57:23'),
(229, 'Paramasivan', '', 'Male', 46, '', '', '79', 'Santhamoorthi Street', 'Melapalayam', 392, 30, 1018, '9344502585', 226, 20, 23, 'HNJ3557220', '2019-11-09 11:30:00', '2021-07-09 05:57:17'),
(230, 'Shanmuga kumari', '', 'Female', 35, '', '', 'New No : 79 / Old No : 38', 'Santhamoorthi Street', 'Melapalayam', 392, 30, 1018, '9344502585', 226, 20, 23, 'XQP0818138', '2019-11-09 11:30:00', '2021-07-09 05:59:51'),
(231, 'Arumugathammal', '', 'Female', 47, '', '', '79-3', 'Santhamoorthi Street', 'Melapalayam', 392, 30, 1018, '8012831429', 226, 20, 23, 'XQP0537498', '2019-11-09 11:30:00', '2021-07-09 06:02:38'),
(232, 'Palani', '', 'Male', 48, '', '', '80', 'Santhamoorthi Street', 'Melapalayam', 392, 30, 1018, '0', 226, 20, 23, 'XQP1870898', '2019-11-09 11:30:00', '2021-07-09 06:07:02'),
(233, 'Seetha', '', 'Female', 48, '', '', '80B', 'Santhamoorthi Street', 'Melapalayam', 392, 30, 1018, '0', 226, 20, 23, 'HNJ3284247', '2019-11-09 11:30:00', '2021-07-09 06:10:18'),
(234, 'Kumarasamy Supparayalu', '', 'Male', 48, '', '', '83', 'Santhamoorthi Street', 'Melapalayam', 392, 30, 1018, '0', 226, 20, 23, 'XQP1285238', '2019-11-09 11:30:00', '2021-07-09 06:13:35'),
(235, 'Narayanan', '', 'Male', 43, '', '', '86', 'Santhamoorthi Street', 'Melapalayam', 392, 30, 1018, '9585872347', 226, 20, 23, 'XQP1870914', '2019-11-09 11:30:00', '2021-07-09 06:16:54'),
(236, 'Muthumail', '', 'Female', 50, '', '', 'New No : 87A / Old No : 37A', 'Santhamoorthi Street', 'Melapalayam', 392, 30, 1018, '9488676185', 226, 20, 23, 'XQP0387720', '2019-11-09 11:30:00', '2021-07-09 06:40:51'),
(237, 'Sandu', '', 'Female', 49, '', '', 'New No : 89A/ Old No : 37', 'Santhamoorthi Street', 'Melapalayam', 392, 30, 1018, '0', 226, 20, 23, 'XQP0387746', '2019-11-09 11:30:00', '2021-07-09 06:43:38'),
(238, 'Meena', '', 'Female', 47, '', '', '90', 'Santhamoorthi Street', 'Melapalayam', 392, 30, 1018, '9786940366', 226, 20, 23, 'XQP1870955', '2019-11-09 11:30:00', '2021-07-09 06:47:23'),
(239, 'Hari sudhan', '', 'Male', 29, '', '', 'New No : 90 / Old No : 9', 'Santhamoorthi Street', 'Melapalayam', 392, 30, 1018, '0', 226, 20, 23, 'XQP0818815', '2019-11-09 11:30:00', '2021-07-09 06:51:30'),
(240, 'Sornapriya', '', 'Female', 37, '', '', '90-1', 'Santhamoorthi Street', 'Melapalayam', 392, 30, 1018, '0', 226, 20, 23, 'HNJ4024097', '2019-11-09 11:30:00', '2021-07-09 06:57:10'),
(241, 'Manimekhalai', '', 'Female', 35, '', '', '', 'Santhamoorthi Street', 'Melapalayam', 392, 30, 1018, '0', 226, 20, 23, 'HNJ2664043', '2019-11-09 11:30:00', '2021-07-09 06:58:55'),
(242, 'Subbulakshmi', '', 'Female', 49, '', '', '90A', 'Santhamoorthi Street', 'Melapalayam', 392, 30, 1018, '8056704655', 226, 20, 23, 'HNJ2661148', '2019-11-09 11:30:00', '2021-07-09 07:01:24'),
(243, 'Chidhirakannu', '', 'Male', 46, '', '', '91', 'Santhamoorthi Street', 'Melapalayam', 392, 30, 1018, '0', 226, 20, 23, 'HNJ2662468', '2019-11-09 11:30:00', '2021-07-09 07:03:53'),
(244, 'Thangam', '', 'Female', 41, '', '', 'New No : 92 / Old No : 151', 'Santhamoorthi Street', 'Melapalayam', 392, 30, 1018, '9944629031', 226, 20, 23, 'HNJ4269205', '2019-11-09 11:30:00', '2021-07-09 07:07:06'),
(245, 'GURU GOMATHI', '', 'Female', 42, '', '', '92-1', 'Santhamoorthi Street', 'Melapalayam', 392, 30, 1018, '0', 226, 20, 23, 'HNJ2663458', '2019-11-09 11:30:00', '2021-07-09 07:09:45'),
(246, 'Maharajan', '', 'Male', 50, '', '', 'New No : 92B / Old No : 80', 'Santhamoorthi Street', 'Melapalayam', 392, 30, 1018, '0', 226, 20, 23, 'XQP1066018', '2019-11-09 11:30:00', '2021-07-09 07:12:20'),
(247, 'Johnmurugan', '', 'Male', 26, '', '', '94-3', 'Santhamoorthi Street', 'Melapalayam', 392, 30, 1018, '0', 226, 20, 23, 'XQP1065986', '2019-11-09 11:30:00', '2021-07-09 07:38:50'),
(248, 'Muthuraman', '', 'Male', 37, '', '', '96', 'Santhamoorthi Street', 'Melapalayam', 392, 30, 1018, '0', 226, 20, 23, 'HNJ2664373', '2019-11-09 11:30:00', '2021-07-09 07:45:31'),
(249, 'Shanmugam', '', 'Male', 36, '', '', '96', 'Santhamoorthi Street', 'Melapalayam', 392, 30, 1018, '0', 226, 20, 23, 'HNJ3284700', '2019-11-09 11:30:00', '2021-07-09 09:49:32'),
(250, 'Sunder Rajan', '', 'Male', 32, '', '', '97', 'Santhamoorthi Street', 'Melapalayam', 392, 30, 1018, '0', 226, 20, 23, 'XQP0537167', '2019-11-09 11:30:00', '2021-07-09 09:56:04'),
(251, 'KAVIN', '', 'Male', 20, '', '', 'New No : 17 / Old No : 23', 'Santhamoorthi Street', 'Melapalayam', 392, 30, 1018, '6383202389', 226, 20, 23, 'XQP2012128', '2019-11-09 11:30:00', '2021-07-09 09:59:17'),
(252, 'Sankaranarayanan', '', 'Male', 37, '', '', '99', 'Santhamoorthi Street', 'Melapalayam', 392, 30, 1018, '0', 226, 20, 23, 'HNJ2661288', '2019-11-09 11:30:00', '2021-07-09 10:09:09'),
(253, 'Bala Vignesh', '', 'Male', 30, '', '', '99', 'Santhamoorthi Street', 'Melapalayam', 392, 30, 1018, '0', 226, 20, 23, 'XQP0537191', '2019-11-09 11:30:00', '2021-07-09 10:41:18'),
(254, 'Petchiammal', '', 'Male', 24, '', '', 'New No : 99A / Old No : 143', 'Santhamoorthi Street', 'Melapalayam', 392, 30, 1018, '0', 226, 20, 23, 'XQP1375351', '2019-11-09 11:30:00', '2021-07-09 10:45:32'),
(255, 'Andiyappan', '', 'Male', 48, '', '', '100', 'Santhamoorthi Street', 'Melapalayam', 392, 30, 1018, '0', 226, 20, 23, 'XQP1871037', '2019-11-09 11:30:00', '2021-07-09 10:54:00');
INSERT INTO `candidates` (`id`, `candidate_name`, `family_member`, `gender`, `age`, `relation_name`, `relation_type`, `addr_door_no`, `addr_line1`, `addr_line2`, `city_id`, `district_id`, `pincode_id`, `mobile_number`, `assembly_id`, `ward_id`, `subward_id`, `epic_number`, `created`, `modified`) VALUES
(256, 'Muthu Krishnan', '', 'Male', 43, '', '', '100-a', 'Santhamoorthi Street', 'Melapalayam', 392, 30, 1018, '0', 226, 20, 23, 'XQP1147099', '2019-11-09 11:30:00', '2021-07-09 10:58:43'),
(257, 'Sakthivel', '', 'Male', 39, '', '', '100A', 'Santhamoorthi Street', 'Melapalayam', 392, 30, 1018, '8015461641', 226, 20, 23, 'XQP1404490', '2019-11-09 11:30:00', '2021-07-09 11:05:40'),
(258, 'Suriya', '', 'Female', 31, '', '', 'New No : 101 / Old No : 27-A', 'Santhamoorthi Street', 'Melapalayam', 392, 30, 1018, '0', 226, 20, 23, 'XQP0537597', '2019-11-09 11:30:00', '2021-07-09 11:08:54'),
(259, 'Valli', '', 'Female', 48, '', '', '102', 'Santhamoorthi Street', 'Melapalayam', 392, 30, 1018, '0', 226, 20, 23, 'XQP1871045', '2019-11-09 11:30:00', '2021-07-09 11:10:36'),
(260, 'muthu lakshmi', '', 'Female', 29, '', '', 'New No : 102 / Old No : 2', 'Santhamoorthi Street', 'Melapalayam', 392, 30, 1018, '0', 226, 20, 23, 'XQP0942557', '2019-11-09 11:30:00', '2021-07-09 11:20:57'),
(261, 'Sankaranarayanan', '', 'Male', 39, '', '', 'New No : 102-2 / Old No : 2', 'Santhamoorthi Street', 'Melapalayam', 392, 30, 1018, '0', 226, 20, 23, 'HNJ2663284', '2019-11-09 11:30:00', '2021-07-09 11:27:36'),
(262, 'Usha', '', 'Female', 39, '', '', 'New No 102-2 / Old No 2', 'Santhamoorthi Street', 'Melapalayam', 392, 30, 1018, '0', 226, 20, 23, 'HNJ2663342', '2019-11-09 11:30:00', '2021-07-09 12:19:41'),
(263, 'NEELA KANDAN', '', 'Male', 36, '', '', '103', 'Santhamoorthi Street', 'Melapalayam', 392, 30, 1018, '0', 226, 20, 23, 'HNJ2661650', '2019-11-09 11:30:00', '2021-07-09 12:21:49'),
(264, 'Murugan', '', 'Male', 44, '', '', '105', 'Santhamoorthi Street', 'Melapalayam', 392, 30, 1018, '9566369796', 226, 20, 23, 'HNJ1320282', '2019-11-09 11:30:00', '2021-07-09 12:27:17'),
(265, 'Palavesam', '', 'Male', 42, '', '', 'New No : 105 / Old No : 25', 'Santhamoorthi Street', 'Melapalayam', 392, 30, 1018, '0', 226, 20, 23, 'HNJ1320464', '2019-11-09 11:30:00', '2021-07-09 12:36:38'),
(266, 'Ganapathy', '', 'Male', 48, '', '', '107A', 'Santhamoorthi Street', 'Melapalayam', 392, 30, 1018, '0', 226, 20, 23, 'XQP1871086', '2019-11-09 11:30:00', '2021-07-10 11:31:46'),
(267, 'Murali Krishnan', '', 'Male', 43, '', '', '108', 'Santhamoorthi Street', 'Melapalayam', 392, 30, 1018, '0', 226, 20, 23, 'HNJ2663490', '2019-11-09 11:30:00', '2021-07-10 11:34:22'),
(268, 'Selvakumar', '', 'Male', 44, '', '', 'New No : 109 / Old No : 64', 'Santhamoorthi Street', 'Melapalayam', 392, 30, 1018, '8056980853', 226, 20, 23, 'XQP0537365', '2019-11-09 11:30:00', '2021-07-10 11:44:39'),
(269, 'SIVAGAMI MURUGAN', '', 'Male', 49, '', '', '110-1', 'Santhamoorthi Street', 'Melapalayam', 392, 30, 1018, '9790122011', 226, 20, 23, 'HNJ2659639', '2019-11-09 11:30:00', '2021-07-10 11:47:46'),
(270, 'Ganga', '', 'Female', 46, '', '', '111-1', 'Santhamoorthi Street', 'Melapalayam', 392, 30, 1018, '9442770464', 226, 20, 23, 'HNJ2660181', '2019-11-09 11:30:00', '2021-07-10 11:50:29'),
(271, 'Chelladurai', '', 'Male', 49, '', '', '111-3', 'Santhamoorthi Street', 'Melapalayam', 392, 30, 1018, '0', 226, 20, 23, 'HNJ2660744', '2019-11-09 11:30:00', '2021-07-10 11:52:57'),
(272, 'Banu', '', 'Male', 40, '', '', '114', 'Santhamoorthi Street', 'Melapalayam', 392, 30, 1018, '0', 226, 20, 23, 'HNJ2659480', '2019-11-09 11:30:00', '2021-07-10 11:56:12'),
(273, 'Kanthimathi', '', 'Female', 45, '', '', '114-4', 'Santhamoorthi Street', 'Melapalayam', 392, 30, 1018, '9345654969', 226, 20, 23, 'HNJ2662435', '2019-11-09 11:30:00', '2021-07-10 11:58:43'),
(274, 'Devi', '', 'Female', 29, '', '', 'New No : 116 / Old No : 26', 'Santhamoorthi Street', 'Melapalayam', 392, 30, 1018, '9789147433', 226, 20, 23, 'XQP0537316', '2019-11-09 11:30:00', '2021-07-10 12:02:57'),
(275, 'Muthulakshmi', '', 'Female', 48, '', '', '116A', 'Santhamoorthi Street', 'Melapalayam', 392, 30, 1018, '0', 226, 20, 23, 'XQP1871094', '2019-11-09 11:30:00', '2021-07-10 12:05:15'),
(276, 'Senthil', '', 'Male', 43, '', '', '117', 'Santhamoorthi Street', 'Melapalayam', 392, 30, 1018, '0', 226, 20, 23, 'XQP1145879', '2019-11-09 11:30:00', '2021-07-10 12:10:23'),
(277, 'Veeralakshumi', '', 'Female', 32, '', '', 'Old No :117A / Old No : 1', 'Santhamoorthi Street', 'Melapalayam', 392, 30, 1018, '9487057709', 226, 20, 23, 'XQP0819029', '2019-11-09 11:30:00', '2021-07-12 04:27:33'),
(278, 'Pechiammal', '', 'Female', 36, '', '', '118', 'Santhamoorthi Street', 'Melapalayam', 392, 30, 1018, '9842762833', 226, 20, 23, 'XQP0206169', '2019-11-09 11:30:00', '2021-07-12 06:01:40'),
(279, 'Muthuraja', '', 'Male', 35, '', '', '8883634865', 'Santhamoorthi Street', 'Melapalayam', 392, 30, 1018, '8883634865', 226, 20, 23, 'HNJ2664274', '2019-11-09 11:30:00', '2021-07-12 06:03:53'),
(280, 'Ganapathy', '', 'Male', 46, '', '', '119', 'Santhamoorthi Street', 'Melapalayam', 392, 30, 1018, '9791729091', 226, 20, 23, 'XQP0206151', '2019-11-09 11:30:00', '2021-07-12 06:05:47'),
(281, 'Lakshmanan', '', 'Male', 37, '', '', 'New No : 119 / Old No : 1', 'Santhamoorthi Street', 'Melapalayam', 392, 30, 1018, '8925945774', 226, 20, 23, 'XQP1404482', '2019-11-09 11:30:00', '2021-07-12 06:09:24'),
(282, 'Ganesan', '', 'Male', 34, '', '', 'New No : 119 - 2', 'Santhamoorthi Street', 'Melapalayam', 392, 30, 1018, '8220414846', 226, 20, 23, 'XQP1404359', '2019-11-09 11:30:00', '2021-07-12 06:11:58'),
(284, 'Sorna Raja Durai', '', 'Male', 22, '', '', '26A', 'Santhamoorthi Street', 'Melapalayam', 392, 30, 1018, '0', 226, 20, 23, 'XQP1466861', '2019-11-09 11:30:00', '2021-07-12 06:15:39'),
(285, 'Chinna Thambi', '', 'Male', 24, '', '', 'New No : 33 / Old No : 1A', 'Santhamoorthi Street', 'Melapalayam', 392, 30, 1018, '8778143658', 226, 20, 23, 'XQP1466879', '2019-11-09 11:30:00', '2021-07-12 06:17:52'),
(286, 'sara', '', 'Female', 21, '', '', '13A', 'Santhamoorthi Street', 'Melapalayam', 392, 30, 1018, '8220531127', 226, 20, 23, 'XQP1466895', '2019-11-09 11:30:00', '2021-07-12 06:19:37'),
(287, 'Venkatesh', '', 'Male', 21, '', '', 'New No: 45C / Old No : 1', 'Santhamoorthi Street', 'Melapalayam', 392, 30, 1018, '9080095050', 226, 20, 23, 'XQP1466903', '2019-11-09 11:30:00', '2021-07-12 06:21:13'),
(288, 'Guru balan', '', 'Male', 20, '', '', '32A', 'Santhamoorthi Street', 'Melapalayam', 392, 30, 1018, '7305959591', 226, 20, 23, 'XQP1466911', '2019-11-09 11:30:00', '2021-07-12 06:22:25'),
(289, 'Vijanyan', '', 'Male', 26, '', '', 'New No : 119 / Old No 20', 'Santhamoorthi Street', 'Melapalayam', 392, 30, 1018, '0', 226, 20, 23, 'XQP0818823', '2019-11-09 11:30:00', '2021-07-12 06:25:26'),
(290, 'RAVI ARUMUGAVEL', '', 'Male', 47, '', '', '121', 'Santhamoorthi Street', 'Melapalayam', 392, 30, 1018, '0', 226, 20, 23, 'HNJ2661080', '2019-11-09 11:30:00', '2021-07-12 06:27:50'),
(291, 'Muthuraj', '', 'Male', 31, '', '', '122', 'Santhamoorthi Street', 'Melapalayam', 392, 30, 1018, '0', 226, 20, 23, 'XQP0537332', '2019-11-09 11:30:00', '2021-07-12 06:31:01'),
(292, 'Saravanan', '', 'Male', 29, '', '', 'New No : 122 / Old No : 163A-1', 'Santhamoorthi Street', 'Melapalayam', 392, 30, 1018, '9789121496', 226, 20, 23, 'XQP0537472', '2019-11-09 11:30:00', '2021-07-12 06:32:59'),
(293, 'Subbiah', '', 'Male', 38, '', '', '122A', 'Santhamoorthi Street', 'Melapalayam', 392, 30, 1018, '0', 226, 20, 23, 'XQP1871151', '2019-11-09 11:30:00', '2021-07-12 06:35:12'),
(294, 'Subiramani', '', 'Male', 45, '', '', '123A', 'Santhamoorthi Street', 'Melapalayam', 392, 30, 1018, '9500716141', 226, 20, 23, 'HNJ1456318', '2019-11-09 11:30:00', '2021-07-12 06:37:44'),
(295, 'Mariyappan', '', 'Male', 44, '', '', '123A-1', 'Santhamoorthi Street', 'Melapalayam', 392, 30, 1018, '0', 226, 20, 23, 'HNJ1456300', '2019-11-09 11:30:00', '2021-07-12 06:40:29'),
(296, 'Nithyakalyani', '', 'Female', 35, '', '', '123A', 'Santhamoorthi Street', 'Melapalayam', 392, 30, 1018, '9500716141', 226, 20, 23, 'HNJ1456326', '2019-11-09 11:30:00', '2021-07-12 06:44:14'),
(297, 'Maharajan', '', 'Male', 48, '', '', '162A', 'Santhamoorthi Street', 'Melapalayam', 392, 30, 1018, '0', 226, 20, 23, 'HNJ2660348', '2019-11-09 11:30:00', '2021-07-12 06:46:36'),
(298, 'Latha', '', 'Female', 45, '', '', 'New No : 125 / Old No : 40A', 'Santhamoorthi Street', 'Melapalayam', 392, 30, 1018, '0', 226, 20, 23, 'HNJ2660843', '2019-11-09 11:30:00', '2021-07-12 06:50:56'),
(299, 'Unamalai', '', 'Male', 38, '', '', '125', 'Santhamoorthi Street', 'Melapalayam', 392, 30, 1018, '8056316732', 226, 20, 23, 'XQP1404441', '2019-11-09 11:30:00', '2021-07-12 06:53:26'),
(300, 'Nambi Nachiyar', '', 'Female', 47, '', '', '126', 'Santhamoorthi Street', 'Melapalayam', 392, 30, 1018, '8056308846', 226, 20, 23, 'XQP0686501', '2019-11-09 11:30:00', '2021-07-12 06:55:14'),
(301, 'Sakthivel', '', 'Male', 45, '', '', 'New No 121 / Old No : 161', 'Santhamoorthi Street', 'Melapalayam', 392, 30, 1018, '0', 226, 20, 23, 'XQP0135665', '2019-11-09 11:30:00', '2021-07-12 07:00:36'),
(302, 'Menashisunder', '', 'Male', 42, '', '', 'New No : 126 / Old No : 161', 'Santhamoorthi Street', 'Melapalayam', 392, 30, 1018, '8681819133', 226, 20, 23, 'XQP0109793', '2019-11-09 11:30:00', '2021-07-12 07:03:31'),
(303, 'Mageswari', '', 'Female', 39, '', '', '126A-1', 'Santhamoorthi Street', 'Melapalayam', 392, 30, 1018, '0', 226, 20, 23, 'HNJ2662880', '2019-11-09 11:30:00', '2021-07-12 07:05:55'),
(304, 'Rajeswari', '', 'Female', 45, '', '', '128', 'Santhamoorthi Street', 'Melapalayam', 392, 30, 1018, '0', 226, 20, 23, 'HNJ2662872', '2019-11-09 11:30:00', '2021-07-12 07:07:47'),
(305, 'Arumugam', '', 'Female', 47, '', '', '128-4', 'Santhamoorthi Street', 'Melapalayam', 392, 30, 1018, '0', 226, 20, 23, 'HNJ2663466', '2019-11-09 11:30:00', '2021-07-12 07:09:28'),
(306, 'Ponnaiyah', '', 'Male', 31, '', '', 'New No : 129 / Old No 16 A', 'Santhamoorthi Street', 'Melapalayam', 392, 30, 1018, '0', 226, 20, 23, 'XQP0206250', '2019-11-09 11:30:00', '2021-07-12 07:11:58'),
(307, 'Saravanan', '', 'Male', 38, '', '', 'Old No : 131 / old No : 15', 'Santhamoorthi Street', 'Melapalayam', 392, 30, 1018, '0', 226, 20, 23, 'XQP0109694', '2019-11-09 11:30:00', '2021-07-12 07:14:26'),
(308, 'Murgan', '', 'Male', 48, '', '', '131-a', 'Santhamoorthi Street', 'Melapalayam', 392, 30, 1018, '0', 226, 20, 23, 'XQP0818625', '2019-11-09 11:30:00', '2021-07-12 07:19:36'),
(309, 'Lakshmi', '', 'Female', 49, '', '', '132', 'Santhamoorthi Street', 'Melapalayam', 392, 30, 470, '0', 226, 20, 23, 'XQP1871219', '2019-11-09 11:30:00', '2021-07-12 11:03:09'),
(310, 'Kala Kutti', '', 'Female', 24, '', '', '132A', 'Santhamoorthi Street', 'Melapalayam', 392, 30, 1018, '0', 226, 20, 23, 'XQP1285220', '2019-11-09 11:30:00', '2021-07-12 11:05:57'),
(311, 'Chitra', '', 'Female', 30, '', '', '133', 'Santhamoorthi Street', 'Melapalayam', 392, 30, 1018, '8098643911', 226, 20, 23, 'XQP1404409', '2019-11-09 11:30:00', '2021-07-12 11:08:18'),
(312, 'Govinda rajan', '', 'Male', 46, '', '', '134', 'Santhamoorthi Street', 'Melapalayam', 392, 30, 1018, '0', 226, 20, 23, 'XQP1065903', '2019-11-09 11:30:00', '2021-07-12 11:09:54'),
(313, 'Jothi', '', 'Female', 47, '', '', '136', 'Santhamoorthi Street', 'Melapalayam', 392, 30, 1018, '9345920653', 226, 20, 23, 'XQP0818450', '2019-11-09 11:30:00', '2021-07-12 11:14:05'),
(314, 'Hariharan', '', 'Male', 44, '', '', '138', 'Santhamoorthi Street', 'Melapalayam', 392, 30, 1018, '0', 226, 20, 23, 'HNJ3505054', '2019-11-09 11:30:00', '2021-07-12 11:19:58'),
(315, 'Subna valli', '', 'Female', 29, '', '', '139', 'Santhamoorthi Street', 'Melapalayam', 392, 30, 1018, '0', 226, 20, 23, 'XQP0818641', '2019-11-09 11:30:00', '2021-07-13 04:46:20'),
(316, 'Perachi', '', 'Female', 50, '', '', 'New No : 142 / Old No : 142', 'Santhamoorthi Street', 'Melapalayam', 392, 30, 1018, '9500313273', 226, 20, 23, 'XQP0537225', '2019-11-09 11:30:00', '2021-07-13 04:48:10'),
(317, 'Swamy Nataraja SelvaKumar', '', 'Male', 36, '', '', '142', 'Santhamoorthi Street', 'Melapalayam', 392, 30, 1018, '0', 226, 20, 23, 'XQP0605022', '2019-11-09 11:30:00', '2021-07-13 04:50:12'),
(318, 'SOUNTHARYA ', '', 'Female', 23, '', '', '33B', 'Santhamoorthi Street', 'Melapalayam', 392, 30, 1018, '9486353285', 226, 20, 23, 'XQP1475342', '2019-11-09 11:30:00', '2021-07-13 04:52:14'),
(319, 'VENKATESWARI ', '', 'Female', 21, '', '', '33B', 'Santhamoorthi Street', 'Melapalayam', 392, 30, 1018, '9677658223', 226, 20, 23, 'XQP1475359', '2019-11-09 11:30:00', '2021-07-13 04:55:21'),
(320, 'Mohana', '', 'Female', 35, '', '', '65', 'Santhamoorthi Street', 'Melapalayam', 392, 30, 1018, '9994040254', 226, 20, 23, 'SCF0562389', '2019-11-09 11:30:00', '2021-07-13 05:01:35'),
(321, 'GIRIJA', '', 'Female', 46, '', '', '65A', 'Santhamoorthi Street', 'Melapalayam', 392, 30, 1018, '9442723094', 226, 20, 23, 'UPG1439439', '2019-11-09 11:30:00', '2021-07-16 05:01:12'),
(322, 'S.ARUNA', '', 'Female', 20, '', '', 'New No :39 / Old No : 4', 'Santhamoorthi Street', 'Melapalayam', 392, 30, 1018, '9367444550', 226, 20, 23, 'XQP1475367', '2019-11-09 11:30:00', '2021-07-16 05:02:47'),
(323, 'lakshmi leelevathi', '', 'Female', 25, '', '', '142', 'Santhamoorthi Street', 'Melapalayam', 392, 30, 1018, '9500313273', 226, 20, 23, 'XQP0942581', '2019-11-09 11:30:00', '2021-07-16 05:04:29'),
(324, 'Sudalaimuthu', '', 'Male', 46, '', '', '142A', 'Santhamoorthi Street', 'Melapalayam', 392, 30, 1018, '0', 226, 20, 23, 'HNJ3505161', '2019-11-09 11:30:00', '2021-07-16 05:06:10'),
(325, 'Shenbagam', '', 'Male', 40, '', '', 'HNJ3562600', 'Santhamoorthi Street', 'Melapalayam', 392, 30, 1018, '0', 226, 20, 23, 'HNJ3562600', '2019-11-09 11:30:00', '2021-07-16 05:09:11'),
(326, 'Shankar', '', 'Male', 48, '', '', '143', 'Santhamoorthi Street', 'Melapalayam', 392, 30, 1018, '0', 226, 20, 23, 'HNJ2659589', '2019-11-09 11:30:00', '2021-07-16 05:11:40'),
(327, 'NAVASAKTHI RAJA', '', 'Male', 43, '', '', '144', 'Santhamoorthi Street', 'Melapalayam', 392, 30, 1018, '0', 226, 20, 23, 'HNJ2661759', '2019-11-09 11:30:00', '2021-07-16 05:13:14'),
(328, 'Suresh', '', 'Male', 38, '', '', '144', 'Santhamoorthi Street', 'Melapalayam', 392, 30, 1018, '0', 226, 20, 23, 'HNJ2661478', '2019-11-09 11:30:00', '2021-07-16 05:15:26'),
(329, 'Mayandi', '', 'Male', 48, '', '', '144A', 'Santhamoorthi Street', 'Melapalayam', 392, 30, 1018, '0', 226, 20, 23, 'HNJ3283728', '2019-11-09 11:30:00', '2021-07-16 05:16:40'),
(330, 'Gandhi', '', 'Male', 33, '', '', '145', 'Santhamoorthi Street', 'Melapalayam', 392, 30, 1018, '9500029562', 226, 20, 23, 'XQP0537506', '2019-11-09 11:30:00', '2021-07-16 05:17:53'),
(331, 'Esakkimuthu', '', 'Male', 35, '', '', '145A', 'Santhamoorthi Street', 'Melapalayam', 392, 30, 1018, '9677565749', 226, 20, 23, 'HNJ2662864', '2019-11-09 11:30:00', '2021-07-16 05:20:38'),
(332, 'Hema Preetha', '', 'Female', 25, '', '', '146A', 'Santhamoorthi Street', 'Melapalayam', 392, 30, 1018, '0', 226, 20, 23, 'XQP1358985', '2019-11-09 11:30:00', '2021-07-16 05:42:24'),
(333, 'Jegan', '', 'Male', 37, '', '', '147', 'Santhamoorthi Street', 'Melapalayam', 392, 30, 1018, '0', 226, 20, 23, 'HNJ1476613', '2019-11-09 11:30:00', '2021-07-16 05:43:59'),
(334, 'Susila', '', 'Female', 26, '', '', 'New No : 150 / Old No : 138', 'Santhamoorthi Street', 'Melapalayam', 392, 30, 1018, '0', 226, 20, 23, 'XQP0818237', '2019-11-09 11:30:00', '2021-07-16 05:52:56'),
(335, 'maharajan', '', 'Male', 25, '', '', '151', 'Santhamoorthi Street', 'Melapalayam', 392, 30, 1018, '8608691389', 226, 20, 23, 'XQP1404300', '2019-11-09 11:30:00', '2021-07-16 05:58:06'),
(336, 'Vanavamalai Perumal', '', 'Male', 52, '', '', '4', 'Marudhupandiyar 4th Street', 'Melapalayam', 392, 30, 1018, '8940896071', 226, 21, 29, 'XQP1834092', '2019-11-09 11:30:00', '2021-07-24 05:13:59'),
(337, 'Chinnadurai', '', 'Male', 34, '', '', 'New No: 7-1 / Old No: 14-1', 'Marudhupandiyar 4th Street', 'Melapalayam', 392, 30, 1018, '9047243319', 226, 21, 29, 'HNJ2676674', '2019-11-09 11:30:00', '2021-07-30 05:26:14'),
(338, 'Murugan', '', 'Male', 30, '', '', '7-14', 'Marudhupandiyar 4th Street', 'Melapalayam', 392, 30, 1018, '9418805711', 226, 21, 29, 'XQP0536789', '2019-11-09 11:30:00', '2021-07-30 05:27:41'),
(339, 'THGALAIYAPPAN', '', 'Male', 51, '', '', 'New No: 8 / Old No: 18', 'Marudhupandiyar 4th Street', 'Melapalayam', 392, 30, 1018, '9789315800', 226, 21, 29, 'HNJ4002168', '2019-11-09 11:30:00', '2021-07-30 05:30:17'),
(340, 'RABIKA', '', 'Female', 46, '', '', 'New No: 11 / Old No: 13', 'Marudhupandiyar 4th Street', 'Melapalayam', 392, 30, 1018, '9994869976', 226, 21, 29, 'XQP1834134', '2019-11-09 11:30:00', '2021-07-30 05:33:16'),
(341, 'Shanthi', '', 'Female', 42, '', '', 'New No: 12 / Old No: 20', 'Marudhupandiyar 4th Street', 'Melapalayam', 392, 30, 1018, '9655846268', 226, 21, 29, 'HNJ2679843', '2019-11-09 11:30:00', '2021-07-30 05:35:46'),
(342, 'Aishwarya', '', 'Female', 23, '', '', '151-1', 'Santhamoorthi Street', 'Melapalayam', 392, 30, 1018, '9894559150', 226, 21, 30, 'XQP1365071', '2019-11-09 11:30:00', '2021-08-05 05:14:08'),
(343, 'Manikandan', '', 'Male', 44, '', '', '153A', 'Santhamoorthi Street', 'Melapalayam', 392, 30, 1018, '9994382544', 226, 21, 30, 'HNJ4001947', '2019-11-09 11:30:00', '2021-08-05 05:17:15'),
(344, 'Ravathi', '', 'Female', 44, '', '', '153A', 'Santhamoorthi Street', 'Melapalayam', 392, 30, 1018, '0', 226, 21, 30, 'XQP0817908', '2019-11-09 11:30:00', '2021-08-05 05:20:40'),
(345, 'Uchimahali', '', 'Female', 25, '', '', 'Old No: 22 / New No: 13', 'Marudhupandiyar 4th Street', 'Melapalayam', 392, 30, 1018, '9042292675', 226, 21, 29, 'XQP0941989', '2019-11-09 11:30:00', '2021-08-05 05:30:21'),
(346, 'Azarudeen', '', 'Male', 25, '', '', 'New No: 14 / Old No: 13', 'Marudhupandiyar 4th Street', 'Melapalayam', 392, 30, 1018, '0', 226, 21, 29, 'XQP0941971', '2019-11-09 11:30:00', '2021-08-05 05:45:21'),
(347, 'Esakkiappan', '', 'Male', 48, '', '', '14A', 'Marudhupandiyar 4th Street', 'Melapalayam	', 392, 30, 1018, '9655846268', 226, 21, 29, 'XQP1834159', '2019-11-09 11:30:00', '2021-08-05 05:46:55'),
(348, 'Muthuraja', '', 'Male', 40, '', '', '154', 'Santhamoorthi Street', 'Melapalayam', 392, 30, 1018, '0', 226, 21, 30, 'HNJ3505229', '2019-11-09 11:30:00', '2021-08-05 06:25:10'),
(349, 'Arumugam', '', 'Male', 43, '', '', '155', 'Santhamoorthi Street	', 'Melapalayam', 392, 30, 1018, '8940896405', 226, 21, 26, 'HNJ4001970', '2019-11-09 11:30:00', '2021-08-05 06:28:10'),
(350, 'Babu', '', 'Male', 45, '', '', '156', 'Santhamoorthi Street', 'Melapalayam', 392, 30, 1018, '0', 226, 21, 30, 'XQP1871383', '2019-11-09 11:30:00', '2021-08-09 09:23:11');

-- --------------------------------------------------------

--
-- Table structure for table `city`
--

CREATE TABLE `city` (
  `city_id` int(3) NOT NULL,
  `city_name` varchar(50) NOT NULL
) ENGINE=InnoDB DEFAULT CHARSET=latin1;

--
-- Dumping data for table `city`
--

INSERT INTO `city` (`city_id`, `city_name`) VALUES
(89, 'A. Vellalapatti'),
(1, 'Abiramam'),
(2, 'Achampudur'),
(3, 'Acharapakkam'),
(4, 'Achipatti'),
(5, 'Adaikkakuzhi'),
(6, 'Adikaratti'),
(7, 'Adiramapattinam'),
(8, 'Adiyanuthu'),
(9, 'Aduthurai'),
(10, 'Agaram'),
(11, 'Agastheeswaram'),
(12, 'Alagappapuram'),
(13, 'Alamathi'),
(14, 'Alamelumangapuram'),
(15, 'Alampalayam'),
(16, 'Alandur'),
(17, 'Alanganallur'),
(18, 'Alangayam'),
(19, 'Alangudi'),
(20, 'Alangulam'),
(21, 'Alanthurai'),
(22, 'Alapakkam'),
(23, 'Allapuram'),
(24, 'Alur'),
(25, 'Alwarkurichi'),
(26, 'Alwarthirunagiri'),
(27, 'Amathur'),
(28, 'Ambasamudram'),
(29, 'Ambattur'),
(30, 'Ambur'),
(31, 'Ammainaickanur'),
(32, 'Ammanur'),
(33, 'Ammapattinam'),
(34, 'Ammapettai'),
(35, 'Ammavarikuppam'),
(36, 'Ammoor'),
(37, 'Anaimalai'),
(38, 'Anaiyur'),
(39, 'Anakaputhur'),
(40, 'Ananthapuram'),
(41, 'Andankoil East'),
(42, 'Andipalayam'),
(43, 'Andipatti Jakkampatti'),
(44, 'Anjugrammam'),
(45, 'Annalagraharam'),
(46, 'Annamalai Nagar'),
(47, 'Annavasal'),
(48, 'Annur'),
(49, 'Anthiyur'),
(50, 'Anuppankulam'),
(51, 'Appakudal'),
(52, 'Arachalur'),
(53, 'Arakandanallur'),
(54, 'Arakonam'),
(55, 'Aralvaimozhi'),
(56, 'Arani'),
(57, 'Aranthangi'),
(58, 'Arasiramani'),
(59, 'Arasur'),
(60, 'Aravakurichi'),
(61, 'Aravankad'),
(62, 'Arcot'),
(63, 'Arimalam'),
(64, 'Ariyalur'),
(65, 'Ariyappampalayam'),
(66, 'Ariyur'),
(67, 'Arumanai'),
(68, 'Arumbanur'),
(69, 'Arumbavur'),
(70, 'Arumuganeri'),
(71, 'Aruppukkottai'),
(72, 'Asaripallam'),
(73, 'Ashokapuram'),
(74, 'Athani'),
(75, 'Athanur'),
(76, 'Athimarapatti'),
(77, 'Athipatti'),
(78, 'Athipattu'),
(79, 'Athivilai'),
(80, 'Athur'),
(81, 'Attayampatti'),
(82, 'Attur'),
(83, 'Avadattur'),
(84, 'Avadi'),
(85, 'Avalapalli'),
(86, 'Avalpoondurai'),
(87, 'Avanashi'),
(88, 'Avaniapuram'),
(90, 'Ayacode'),
(91, 'Ayakudi'),
(92, 'Ayappakkam'),
(93, 'Aygudi'),
(94, 'Ayothiapattinam'),
(95, 'Ayyalur'),
(96, 'Ayyampalayam'),
(97, 'Ayyampettai'),
(98, 'Ayyappanthangal'),
(99, 'Azhagiapandipuram'),
(110, 'B.Mallapuram'),
(111, 'B.Meenakshipuram'),
(100, 'Balakrishnampatti'),
(101, 'Balakrishnapuram'),
(102, 'Balasamudram'),
(103, 'Bargur'),
(104, 'Batlagundu'),
(105, 'Belur'),
(106, 'Bhavani'),
(107, 'Bhavanisagar'),
(108, 'Bhuvanagiri'),
(109, 'Bikketti'),
(112, 'Bodinayakanur'),
(113, 'Boothapandi'),
(114, 'Boothipuram'),
(115, 'Brahmana Periya Agraharam'),
(116, 'Chakkarapalli'),
(117, 'Chathirareddipatti'),
(118, 'Chatrapatti'),
(119, 'Chenbagaramanputhur'),
(120, 'Chengalpattu'),
(121, 'Chengam'),
(122, 'Chengappalli'),
(123, 'Chennagiri'),
(124, 'Chennai'),
(125, 'Chennasamudram'),
(126, 'Chennimalai'),
(127, 'Cheranmadevi'),
(128, 'Chetpet'),
(129, 'Chettiarpatti'),
(130, 'Chettinaickenpatti'),
(131, 'Chettipalayam'),
(132, 'Chettithangal'),
(133, 'Chidambaram'),
(134, 'Chinna Anuppanadi'),
(135, 'Chinnakalayamputhur'),
(136, 'Chinnakkampalayam'),
(137, 'Chinnalapatti'),
(138, 'Chinnamanur'),
(139, 'Chinnampalayam'),
(140, 'Chinnamudalaipatti'),
(141, 'Chinnasalem'),
(142, 'Chinnasekkadu'),
(143, 'Chinnathadagam'),
(144, 'Chinnavedampatti'),
(145, 'Chinniam palayam'),
(146, 'Chithode'),
(147, 'Chitlapakkam'),
(148, 'Cholapuram'),
(149, 'Choozhal'),
(150, 'Coimbatore'),
(151, 'Colachel'),
(152, 'Coonoor'),
(153, 'Courtalam'),
(154, 'Cuddalore'),
(155, 'Dalavaipatti'),
(156, 'Damalerimuthur'),
(157, 'Dasanaickenpatti'),
(158, 'Denkanikottai'),
(159, 'Desur'),
(160, 'Devadanapatti'),
(161, 'Devakottai'),
(162, 'Devarshola'),
(163, 'Devasthanam'),
(164, 'Devikapuram'),
(165, 'Devipattinam'),
(166, 'Dhalavoipuram'),
(167, 'Dhali'),
(168, 'Dhaliyur'),
(169, 'Dharamapuram'),
(170, 'Dharapadavedu'),
(171, 'Dharapuram'),
(172, 'Dharasuram'),
(173, 'Dharmapuri'),
(174, 'Dindigul'),
(175, 'Doramangalam'),
(176, 'Dusi'),
(177, 'Edaganasalai'),
(178, 'Edaicode'),
(179, 'Edakalinadu'),
(180, 'Edappadi'),
(181, 'Edayanchavadi'),
(182, 'Elathur'),
(183, 'Elayirampannai'),
(184, 'Ellakkudy'),
(185, 'Ellandaikuttai'),
(186, 'Elumalai'),
(187, 'Eral'),
(188, 'Eranapuram'),
(189, 'Eraniel'),
(190, 'Erode'),
(191, 'Erumaipatti'),
(192, 'Erumapalayam'),
(193, 'Eruvadi'),
(194, 'Ethapur'),
(195, 'Ettayapuram'),
(196, 'Ettimadai'),
(197, 'Ezhudesam'),
(198, 'Ganapathipuram'),
(199, 'Gandhinagar'),
(200, 'Gandipuram'),
(201, 'Gangaikondan'),
(202, 'Gangavalli'),
(203, 'Ganguvarpatti'),
(204, 'Gerugambakkam'),
(205, 'Gingee'),
(206, 'Gobichettipalayam'),
(207, 'Gopalasamudram'),
(208, 'Goundampalayam'),
(209, 'Gudalur'),
(210, 'Gudiyatham'),
(211, 'Gummidipoondi'),
(212, 'Gunduuppalavadi'),
(213, 'Hale-Dharmapuri'),
(214, 'Hanumanthampatti'),
(215, 'Harur'),
(216, 'Harveypatti'),
(217, 'Highways'),
(218, 'Hosur'),
(219, 'Hubbathala'),
(220, 'Huligal'),
(221, 'Idikarai'),
(222, 'Iduvai'),
(223, 'Ilampillai'),
(224, 'Ilanji'),
(225, 'Ilayangudi'),
(226, 'Iluppaiyurani'),
(227, 'Iluppur'),
(228, 'Inam Karur'),
(229, 'Inam Maniyachi'),
(230, 'Injambakkam'),
(231, 'Iravadanallur'),
(232, 'Irugur'),
(233, 'Jaffrabad'),
(234, 'Jagathala'),
(235, 'Jalakandapuram'),
(236, 'Jalladiampet'),
(237, 'Jambai'),
(238, 'Jayankondam'),
(239, 'Jolarpet'),
(338, 'K.Madapur'),
(240, 'Kadambathur'),
(241, 'Kadambur'),
(242, 'Kadaparai'),
(243, 'Kadathur'),
(244, 'Kadayal'),
(245, 'Kadayam'),
(246, 'Kadayampatti'),
(247, 'Kadayanallur'),
(248, 'Kadhirvedu'),
(249, 'Kailasagiri'),
(250, 'Kakkalur'),
(251, 'Kalakad'),
(252, 'Kalambur'),
(253, 'Kalapatti'),
(254, 'Kalappanaickenpatti'),
(255, 'Kalavai'),
(256, 'Kalinjur'),
(257, 'Kaliyakkavilai'),
(258, 'Kalladaikurichi'),
(259, 'Kallakudi'),
(260, 'Kallangudy'),
(261, 'Kallukuttam'),
(262, 'Kalparapatti'),
(263, 'Kalugumalai'),
(264, 'Kamayagoundanpatti'),
(265, 'Kambainallur'),
(266, 'Kambam'),
(267, 'Kamuthi'),
(268, 'Kanadukathan'),
(269, 'Kanakkampalayam'),
(270, 'Kanam'),
(271, 'Kancheepuram'),
(272, 'Kandanur'),
(273, 'Kangeyam'),
(274, 'Kangeyanallur'),
(275, 'Kaniyambadi'),
(276, 'Kaniyur'),
(277, 'Kanjikoil'),
(278, 'Kannamangalam'),
(279, 'Kannampalayam'),
(280, 'Kannanendal'),
(281, 'Kannankurichi'),
(282, 'Kannanoor'),
(283, 'Kannapalayam'),
(284, 'Kannivadi'),
(285, 'Kanniyakumari'),
(286, 'Kappiyarai'),
(287, 'Karadipatti'),
(288, 'Karaikkudi'),
(289, 'Karaipudur'),
(290, 'Karamadai'),
(291, 'Karambakkam'),
(292, 'Karambakkudi'),
(293, 'Kariamangalam'),
(294, 'Kariapatti'),
(295, 'Karugampattur'),
(296, 'Karukkalvadi'),
(297, 'Karumandi Chellipalayam'),
(298, 'Karumathampatti'),
(299, 'Karungal'),
(300, 'Karunguzhi'),
(301, 'Karuppur'),
(302, 'Karur'),
(303, 'Kasinayagampatti'),
(304, 'Kasipalayam '),
(305, 'Katpadi'),
(306, 'Kattathurai'),
(307, 'Kattiganapalli'),
(308, 'Kattimancode'),
(309, 'Kattivakkam'),
(310, 'Kattumannarkoil'),
(311, 'Kattupakkam'),
(312, 'Kattuputhur'),
(313, 'Kaveripakkam'),
(314, 'Kaveripattinam'),
(315, 'Kayalpattinam'),
(316, 'Kayatharu'),
(317, 'Keelakarai'),
(318, 'Keelamanjakudi'),
(319, 'Keeramangalam'),
(320, 'Keeranur'),
(321, 'Keeripatti'),
(322, 'Keezhkulam'),
(323, 'Kelamangalam'),
(324, 'Kembainaickenpalayam'),
(325, 'Kethi'),
(326, 'Kila Ambur'),
(327, 'Kilampadi'),
(328, 'Kilapavoor'),
(329, 'Kilkunda'),
(330, 'Killai'),
(331, 'Killiyoor'),
(332, 'Kilmanavur'),
(334, 'Kilpudupakkam'),
(335, 'Kilvaithinankuppam'),
(336, 'Kilvelur'),
(337, 'Kinathukadavu'),
(339, 'Kodaikanal'),
(340, 'Kodavasal'),
(341, 'Kodivalasa'),
(342, 'Kodumudi'),
(343, 'Koilambakkam'),
(344, 'Koilpalayam'),
(345, 'Kolappalur'),
(346, 'Kolathupalayam'),
(347, 'Kolathur'),
(348, 'Kollancode'),
(349, 'Kollankoil'),
(350, 'Komaralingam'),
(351, 'Kombai'),
(352, 'Konavattam'),
(353, 'Kondalampatti'),
(354, 'Kondappanaickenpatti'),
(355, 'Kondasamudram'),
(356, 'Kondichettipatti'),
(357, 'Kondur'),
(358, 'Konerikuppam'),
(359, 'Konganapuram'),
(360, 'Kooraikundu'),
(361, 'Koothappar'),
(362, 'Koradacheri'),
(363, 'Kosavampatti'),
(364, 'Kotagiri'),
(365, 'Kothanallur'),
(366, 'Kottagoundampatty'),
(367, 'Kottaiyur'),
(368, 'Kottakuppam'),
(369, 'Kottaram'),
(370, 'Kottivakkam'),
(371, 'Kottur'),
(373, 'Kovilpatti'),
(374, 'Kovur'),
(375, 'Krishnagiri'),
(376, 'Krishnarayapuram'),
(377, 'Krishnasamudram'),
(378, 'Kuchanur'),
(379, 'Kuhalur'),
(380, 'Kulappuram'),
(382, 'Kulathur'),
(383, 'Kulithalai'),
(384, 'Kullursandai'),
(385, 'Kumaragiri'),
(386, 'Kumarapalayam'),
(387, 'Kumarapuram'),
(388, 'Kumbakonam'),
(389, 'Kundrathur'),
(390, 'Kuniyamuthur'),
(391, 'Kunnathur'),
(392, 'Kurichi'),
(393, 'Kurinjipadi'),
(394, 'Kurudampalayam'),
(395, 'Kurukkupatti'),
(396, 'Kurumbalur'),
(397, 'Kurumbapatti'),
(398, 'Kuruppanaickenpalayam'),
(399, 'Kuthalam'),
(400, 'Kuthanallur'),
(401, 'Kuthankuzhi'),
(402, 'Kuzhithurai'),
(403, 'Labbaikudikadu'),
(404, 'Lakkampatti'),
(405, 'Lakkiampatti'),
(406, 'Lakshminarayanapuram'),
(407, 'Lalgudi'),
(408, 'Lalpet'),
(409, 'Madaharpakkam'),
(410, 'Madambakkam'),
(412, 'Madathukulam'),
(413, 'Madavaram'),
(414, 'Madippakkam'),
(415, 'Madukkarai'),
(416, 'Madukkur'),
(417, 'Madurai'),
(418, 'Maduranthakam'),
(419, 'Maduravoyal'),
(420, 'Majaragollappatti'),
(421, 'Makkinampatti'),
(422, 'Malayadi'),
(423, 'Mallamooppampatti'),
(424, 'Mallankinaru'),
(425, 'Mallasamudram'),
(426, 'Mallur'),
(427, 'Malumichampatti'),
(428, 'Mamallapuram'),
(429, 'Mamsapuram'),
(430, 'Manachanallur'),
(431, 'Manakudi'),
(432, 'Manali'),
(433, 'Manalmedu'),
(434, 'Manalurpet'),
(435, 'Manamadurai'),
(436, 'Manapakkam'),
(437, 'Manapparai'),
(438, 'Manavalakurichi'),
(439, 'Mancad'),
(440, 'Mandaikadu'),
(441, 'Mandapam'),
(442, 'Mangadu'),
(443, 'Mangalam'),
(444, 'Mangalampet'),
(445, 'Manickapuram'),
(446, 'Manimutharu'),
(447, 'Manjakollai'),
(448, 'Manjalumoodu'),
(449, 'Mannarai'),
(450, 'Mannargudi'),
(451, 'Manthithoppu'),
(452, 'Mappilaiurani'),
(453, 'Maraimalainagar'),
(454, 'Marakkanam'),
(455, 'Maramangalathupatti'),
(456, 'Marandahalli'),
(457, 'Markayankottai'),
(458, 'Marudur'),
(459, 'Marungur'),
(460, 'Maruthancode'),
(461, 'Masinaickenpatty'),
(462, 'Mathicode'),
(463, 'Mathigiri'),
(464, 'Mathur'),
(465, 'Mayiladuthurai'),
(466, 'Mecheri'),
(467, 'Medavakkam'),
(468, 'Meenambakkam'),
(469, 'Melacheval'),
(470, 'Melachokkanathapuram'),
(471, 'Melagaram'),
(472, 'Melamadai'),
(473, 'Melaparthibanur'),
(474, 'Melathiruppanthuruthi'),
(475, 'Melattur'),
(476, 'Melpattampakkam'),
(477, 'Melur'),
(478, 'Melvisharam'),
(479, 'Methukummal'),
(480, 'Mettamalai'),
(481, 'Mettunasuvanpalayam'),
(482, 'Mettupalayam'),
(483, 'Mettur'),
(484, 'Mevalurkuppam'),
(485, 'Midalam'),
(486, 'Milavittan'),
(487, 'Minampalli-Pachamadevi'),
(488, 'Minjur'),
(489, 'Modakurichi'),
(490, 'Mohanur'),
(491, 'Molachur'),
(492, 'Mookondapalli'),
(493, 'Moolakaraipatti'),
(494, 'Moovarasampettai'),
(495, 'Mopperipalayam'),
(496, 'Morattupalayam'),
(497, 'Mudukulathur'),
(498, 'Mugalivakkam'),
(499, 'Mukasipidariyur'),
(500, 'Mukkudal'),
(501, 'Mulagumudu'),
(502, 'Mulanur'),
(503, 'Mullipattu'),
(504, 'Muruganpalayam'),
(505, 'Musiri'),
(506, 'Muthanampalayam'),
(507, 'Muthugoundam Pudur'),
(508, 'Muthukadu'),
(509, 'Muthupet'),
(510, 'Muthur'),
(511, 'Muttayyapuram'),
(512, 'Muzhucode'),
(513, 'Mylaudy'),
(514, 'Nadaikavu'),
(515, 'Nadukuthagai'),
(516, 'Naduvaneri'),
(517, 'Naduvattam'),
(518, 'Nagamalaipudukottai'),
(519, 'Nagamangalam'),
(520, 'Nagapattinam'),
(521, 'Nagavakulam'),
(522, 'Nagercoil'),
(523, 'Nagojanahalli'),
(524, 'Nallampatti'),
(525, 'Nallipalayam'),
(526, 'Nalloor'),
(527, 'Nallur'),
(528, 'Namagiripettai'),
(529, 'Namakkal'),
(530, 'Nambiyur'),
(531, 'Nandambakkam'),
(532, 'Nandivaram'),
(533, 'Nangavalli'),
(534, 'Nangavaram'),
(535, 'Nanguneri'),
(536, 'Nanjikottai'),
(537, 'Nannilam'),
(538, 'Naranammalpuram'),
(539, 'Naranapuram'),
(540, 'Narasimhanaicken'),
(541, 'Narasingam'),
(542, 'Narasingapuram'),
(543, 'Naravarikuppam'),
(544, 'Nasiyanur'),
(545, 'Natchiarkoil'),
(546, 'Natham'),
(547, 'Nathampannai'),
(548, 'Natrampalli'),
(549, 'Nattalam'),
(550, 'Nattapettai'),
(551, 'Nattarasankottai'),
(552, 'Navalpattu'),
(553, 'Navlock Garden'),
(554, 'Nazarathpettai'),
(555, 'Nazerath'),
(556, 'Nedungundram'),
(557, 'Needamangalam'),
(558, 'Neelagiri'),
(559, 'Neelambur'),
(560, 'Neelankarai'),
(561, 'Neikkarapatti'),
(562, 'Nellikuppam'),
(563, 'Nelliyalam'),
(564, 'Nemili'),
(565, 'Nemilicheri'),
(566, 'Neripperichal'),
(567, 'Nerkunram'),
(568, 'Nerkuppai'),
(569, 'Nerunjipettai'),
(570, 'Neykkarappatti'),
(571, 'Neyveli'),
(572, 'Neyyoor'),
(573, 'Nilaiyur'),
(574, 'Nilakkottai'),
(575, 'Nolambur'),
(576, 'Nullivilai'),
(589, 'O Valley'),
(577, 'Odaipatti'),
(578, 'Odaiyakulam'),
(579, 'Oddanchatram'),
(580, 'Odugathur'),
(581, 'Oggiyamduraipakkam'),
(582, 'Olagadam'),
(583, 'Omalur'),
(584, 'Orathanadu'),
(585, 'Orikkai'),
(586, 'Othakadai'),
(587, 'Othakalmandapam'),
(588, 'Ottapparai'),
(590, 'Overi'),
(690, 'P.J.Cholapuram'),
(691, 'P.Mettupalayam'),
(692, 'P.N.Patti'),
(591, 'Pachchal'),
(592, 'Pacode'),
(593, 'Padaiveedu'),
(594, 'Padandal'),
(595, 'Padappai'),
(596, 'Padianallur'),
(597, 'Padikkasu vaithanpatti'),
(598, 'Padirikuppam'),
(599, 'Padmanabhapuram'),
(600, 'Painkulam'),
(601, 'Paiyur'),
(602, 'Palaganangudy'),
(603, 'Palakkodu'),
(604, 'Palamedu'),
(605, 'Palangarai'),
(606, 'Palani'),
(607, 'Palani Chettipatti'),
(608, 'Palappallam'),
(609, 'Palavakkam'),
(610, 'Palavansathu'),
(611, 'Palayam'),
(1060, 'Palayamkottai'),
(612, 'Palayampatti'),
(613, 'Palladam'),
(614, 'Pallanthurai'),
(615, 'Pallapalayam'),
(616, 'Pallapatti'),
(617, 'Pallathur'),
(618, 'Pallavaram'),
(619, 'Pallikaranai'),
(620, 'Pallikonda'),
(621, 'Pallipalayam'),
(622, 'Pallipattu'),
(623, 'Pallippadai'),
(624, 'Paloor'),
(625, 'Palugal'),
(626, 'Pammal'),
(627, 'Panagudi'),
(628, 'Panaimarathupatti'),
(629, 'Panapakkam'),
(630, 'Pandamangalam'),
(631, 'Pandavarmangalam'),
(632, 'Pannaikadu'),
(633, 'Pannaipuram'),
(634, 'Panpoli'),
(635, 'Panruti'),
(636, 'Papanasam'),
(637, 'Pappankurichi'),
(638, 'Papparapatti'),
(639, 'Pappireddipatti'),
(640, 'Paramakudi'),
(641, 'Paramathi'),
(642, 'Parangipettai'),
(643, 'Paraniputhur'),
(644, 'Paravai'),
(645, 'Pasur'),
(646, 'Pathamadai'),
(647, 'Pattanam'),
(648, 'Pattinam'),
(649, 'Pattinamkattan'),
(650, 'Pattiveeranpatti'),
(651, 'Pattukkottai'),
(652, 'Pavali'),
(653, 'Peddikuppam'),
(654, 'Peerkankaranai'),
(655, 'Pennadam'),
(656, 'Pennagaram'),
(657, 'Pennathur'),
(658, 'Peraiyur'),
(659, 'Peralam'),
(660, 'Perambakkam'),
(661, 'Perambalur'),
(662, 'Peranamallur'),
(663, 'Peravurani'),
(664, 'Periagaram'),
(665, 'Periakottai'),
(666, 'Periapattinam'),
(672, 'Periya Negamam'),
(667, 'Periyakodiveri'),
(668, 'Periyakulam'),
(669, 'Periyakurichi'),
(670, 'Periyamanali'),
(671, 'Periyanaicken'),
(673, 'Periyapatti'),
(674, 'Periyasemur'),
(675, 'Pernampattu'),
(676, 'Perumagalur'),
(677, 'Perumagoundampatti'),
(678, 'Perumanallur'),
(679, 'Perumandi'),
(680, 'Perundurai'),
(681, 'Perungalathur'),
(682, 'Perungudi'),
(683, 'Perungulam'),
(684, 'Perur'),
(685, 'Peruvilai'),
(686, 'Pethampalayam'),
(687, 'Pethanaickenpalayam'),
(688, 'Pichandarkovil'),
(689, 'Pillanallur'),
(693, 'Polichalur'),
(694, 'Pollachi'),
(695, 'Polur'),
(696, 'Ponmanai'),
(697, 'Ponnamaravathi'),
(698, 'Ponnampatti'),
(699, 'Ponneri'),
(700, 'Poolambadi'),
(701, 'Poolampatti'),
(702, 'Poolankinar'),
(703, 'Pooluvapatti'),
(704, 'Poonamallee'),
(705, 'Poravacheri'),
(706, 'Porur'),
(707, 'Pothanur'),
(708, 'Pothatturpettai'),
(709, 'Pudiyamputhur'),
(710, 'Pudukkottai'),
(712, 'Pudupalayam'),
(713, 'Pudupalayam Agraharam'),
(714, 'Pudupatti'),
(715, 'Pudupattinam'),
(716, 'Pudur '),
(717, 'Puduvayal'),
(718, 'Puliankudi'),
(719, 'Puliyoorsalai'),
(720, 'Puliyur'),
(721, 'Pullampadi'),
(724, 'Punjai Thottakurichi'),
(722, 'Punjaipugalur'),
(723, 'Punjaipuliampatti'),
(725, 'Puthagaram'),
(726, 'Puthalam'),
(727, 'Putheri'),
(728, 'Puthukkadai'),
(729, 'Puthur Agraharam'),
(730, 'Puvalur'),
(731, 'Puzhal'),
(732, 'Puzhithivakkam'),
(743, 'R. Pudupatti'),
(744, 'R. S. Mangalam'),
(733, 'Rajapalayam'),
(734, 'Ramalingapuram'),
(735, 'Ramanathapuram'),
(736, 'Ramapuram'),
(737, 'Rameswaram'),
(738, 'Ranipettai'),
(739, 'Rasipuram'),
(740, 'Rayagiri'),
(741, 'Reethapuram'),
(742, 'Rosalpatti'),
(745, 'Rudravathi'),
(746, 'Sakkarakottai'),
(747, 'Sakkimangalam'),
(748, 'Salamedu'),
(749, 'Salangapalayam'),
(750, 'Salem'),
(751, 'Samalapuram'),
(752, 'Samanatham'),
(753, 'Samathur'),
(754, 'Samayanallur'),
(755, 'Sambavar Vadagarai'),
(756, 'Samusigapuram'),
(757, 'Sankaramanallur'),
(758, 'Sankarankoil'),
(759, 'Sankaraperi'),
(760, 'Sankarapuram'),
(761, 'Sankari'),
(762, 'Sankarnagar'),
(763, 'Sanniyasigundu'),
(764, 'Saravanampatti'),
(765, 'Sarcarsamakulam'),
(766, 'Sathankulam'),
(767, 'Sathiyavijayanagaram'),
(768, 'Sathkar'),
(769, 'Sathuvachari'),
(770, 'Sathyamangalam'),
(771, 'Sattur'),
(772, 'Sayalgudi'),
(773, 'Sayapuram'),
(774, 'Seerapalli'),
(775, 'Seithur'),
(776, 'Selathampatti'),
(777, 'Sembakkam'),
(778, 'Sembedu'),
(779, 'Sembianallur'),
(780, 'Semmipalayam'),
(781, 'Senapiratti'),
(782, 'Sengamalanachiarpatti'),
(783, 'Senneerkuppam'),
(784, 'Senthamangalam'),
(785, 'Sentharapatti'),
(786, 'Senur'),
(787, 'Sethiathoppu'),
(788, 'Sevilimedu'),
(789, 'Sevugampatti'),
(790, 'Sevur'),
(791, 'Shenbakkam'),
(792, 'Shenkottai'),
(793, 'Sholavandan'),
(794, 'Sholinganallur'),
(795, 'Sholingur'),
(796, 'Sholur'),
(797, 'Sikkarayapuram'),
(798, 'Silaiman'),
(799, 'Silapadi'),
(800, 'Singampuneri'),
(801, 'Singaperumalkoil'),
(802, 'Sircar Periapalayam'),
(803, 'Sirkali'),
(804, 'Sirugamani'),
(805, 'Sirukalathur'),
(806, 'Sirukaveripakkam'),
(807, 'Sirumugai'),
(808, 'Sithayankottai'),
(809, 'Sithurajapuram'),
(810, 'Sivaganga'),
(811, 'Sivagiri'),
(812, 'Sivagiripatti'),
(813, 'Sivagnanapuram'),
(814, 'Sivakasi'),
(815, 'Sivanthipuram'),
(816, 'Somayampalayam'),
(817, 'Soolakkarai'),
(818, 'Soorapattu'),
(819, 'South Kannanur'),
(820, 'South Kodikulam'),
(821, 'South Nallur'),
(822, 'Srikalikapuram'),
(823, 'Srimushnam'),
(824, 'Sriperumbudur'),
(825, 'Sriramapuram'),
(826, 'Srivaikuntam'),
(827, 'Srivilliputhur'),
(828, 'St. Thomas Mount'),
(829, 'Suchindrum'),
(830, 'Suleeswaranpatti'),
(831, 'Sulur'),
(832, 'Sumaitheerthapuram'),
(833, 'Sundarapandiam'),
(834, 'Sundarapandianpattinam'),
(835, 'Sundarapandiapuram'),
(836, 'SuPallipattu'),
(837, 'Surampatti'),
(838, 'Surandai'),
(839, 'Suriyampalayam'),
(840, 'Swamimalai'),
(938, 'T.Kallupatti'),
(841, 'Tajpura'),
(842, 'Tambaram'),
(843, 'Tenkasi'),
(844, 'Terkukallikulam'),
(845, 'Thadikarankonam'),
(846, 'Thadikombu'),
(847, 'Thakkolam'),
(848, 'Thalainayar'),
(849, 'Thalakudi'),
(850, 'Thamaraikulam'),
(851, 'Thammampatti'),
(852, 'Thanakkankulam'),
(853, 'Thanjavur'),
(854, 'Thanthoni'),
(855, 'Thappakuttai'),
(856, 'Tharamangalam'),
(857, 'Tharangambadi'),
(858, 'Thathaiyangarpet'),
(859, 'Thathankuttai'),
(860, 'Thazhakudy'),
(861, 'Thedavur'),
(862, 'Theerthagiriyampattu'),
(863, 'Thenambakkam'),
(864, 'Thengampudur'),
(865, 'Theni Allinagaram'),
(866, 'Thenkarai'),
(867, 'Thenthamaraikulam'),
(868, 'Thenthiruperai'),
(869, 'Therur'),
(870, 'Thevaram'),
(871, 'Thevur'),
(872, 'Thiagadurgam'),
(873, 'Thikkanamcode'),
(874, 'Thindal'),
(875, 'Thingalnagar'),
(876, 'Thirparappu'),
(877, 'Thirukarungudi'),
(878, 'Thirukkattupalli'),
(879, 'Thirumalayampalayam'),
(880, 'Thirumalpur'),
(881, 'Thirumangalam'),
(882, 'Thirumazhisai'),
(883, 'Thirumuruganpoondi'),
(884, 'Thirunagar'),
(885, 'Thirunageswaram'),
(886, 'Thiruneermalai'),
(887, 'Thirunindravur'),
(888, 'Thiruparankundram'),
(889, 'Thiruporur'),
(890, 'Thiruppalai'),
(891, 'Thiruppanandal'),
(892, 'Thirupuvanam'),
(893, 'Thiruthangal'),
(894, 'Thiruthuraipoondi'),
(895, 'Thiruvaiyaru'),
(896, 'Thiruvalam'),
(897, 'Thiruvallur'),
(898, 'Thiruvarur'),
(899, 'Thiruvattar'),
(900, 'Thiruvenkadam'),
(901, 'Thiruvennainallur'),
(902, 'Thiruverumbur'),
(903, 'Thiruvidaimarudur'),
(904, 'Thiruvithancode'),
(905, 'Thisayanvilai'),
(906, 'Thondamuthur'),
(907, 'Thondi'),
(908, 'Thoothukkudi'),
(909, 'Thorapadi'),
(911, 'Thottipalayam'),
(912, 'Thottiyam'),
(913, 'Thozhur'),
(914, 'Thudiyalur'),
(915, 'Thuraiyur'),
(916, 'Thuthipattu'),
(917, 'Thuvakudi'),
(918, 'Timiri'),
(919, 'Tindivanam'),
(920, 'Tiruchendur'),
(921, 'Tiruchengode'),
(922, 'Tiruchirappalli'),
(923, 'Tirukalukundram'),
(924, 'Tirukkoyilur'),
(925, 'Tirumalaigiri'),
(926, 'Tirunelveli'),
(927, 'Tirupathur'),
(928, 'Tiruppur'),
(929, 'Tirusulam'),
(930, 'Tiruttani'),
(931, 'Tiruvannamalai'),
(932, 'Tiruverkadu'),
(933, 'Tiruvethipuram'),
(934, 'Tiruvottiyur'),
(935, 'Tittacheri'),
(936, 'Tittakudi'),
(937, 'Tittangulam'),
(939, 'TNPL Pugalur'),
(940, 'Udangudi'),
(941, 'Udayarpalayam'),
(942, 'Udhagamandalam'),
(943, 'Udumalaipettai'),
(944, 'Ullur'),
(945, 'Ulundurpettai'),
(946, 'Unjalur'),
(947, 'Unnamalaikadai'),
(948, 'Uppidamangalam'),
(949, 'Uppiliapuram'),
(950, 'Urapakkam'),
(951, 'Usilampatti'),
(952, 'Usuppur'),
(953, 'Uthamapalayam'),
(954, 'Uthangarai'),
(955, 'Uthayendram'),
(956, 'Uthiramerur'),
(957, 'Uthukkottai'),
(958, 'Uthukuli'),
(1053, 'V.Pudupatti'),
(1054, 'V.Pudur'),
(959, 'Vadakarai Keezhpadugai'),
(960, 'Vadakkanandal'),
(961, 'Vadakkuvalliyur'),
(962, 'Vadalur'),
(963, 'Vadamadurai'),
(964, 'Vadavalli'),
(965, 'Vaddakkankulam'),
(966, 'Vadi'),
(967, 'Vadipatti'),
(968, 'Vadugapatti'),
(969, 'Vaitheeswarankoil'),
(970, 'Valangaiman'),
(971, 'Valasaravakkam'),
(972, 'Valathur'),
(973, 'Valavandankottai'),
(974, 'Valavanur'),
(975, 'Valayambattu'),
(976, 'Vallam'),
(977, 'Valparai'),
(978, 'Valvaithankoshtam'),
(979, 'Vanagaram'),
(980, 'Vanapadi'),
(981, 'Vanavasi'),
(982, 'Vandalur'),
(983, 'Vandavasi'),
(984, 'Vandiyur'),
(985, 'Vanganur'),
(986, 'Vaniputhur'),
(987, 'Vaniyambadi'),
(988, 'Vanniyoor'),
(989, 'Varadarajanpettai'),
(990, 'Vasudevanallur'),
(991, 'Vathirairuppu'),
(992, 'Vavarai'),
(993, 'Vazhapadi'),
(994, 'Vedapatti'),
(995, 'Vedaranyam'),
(996, 'Vedasandur'),
(997, 'Veeraganur'),
(998, 'Veerakeralam'),
(999, 'Veerakkalpudur'),
(1000, 'Veerapandi'),
(1002, 'Veerapandianpattinam Town'),
(1003, 'Veerappanchatiram'),
(1004, 'Veeravanallur'),
(1005, 'Velampalayam'),
(1006, 'Velankanni'),
(1007, 'Velayudampalayam'),
(1008, 'Vellakinar'),
(1009, 'Vellakkalpatty'),
(1010, 'Vellakoil'),
(1011, 'Vellalur'),
(1012, 'Vellamcode'),
(1013, 'Vellaravalli'),
(1014, 'Vellimalai'),
(1015, 'Vellore'),
(1016, 'Vellottamparappu'),
(1017, 'Velur'),
(1018, 'Vembadithalam'),
(1019, 'Vengampudur'),
(1020, 'Vengathur'),
(1021, 'Vengavasal'),
(1022, 'Vengikkal'),
(1023, 'Venkarai'),
(1024, 'Venkatachalapuram'),
(1025, 'Venkatapuram'),
(1026, 'Vennanthur'),
(1027, 'Veppathur'),
(1028, 'Verkilambi'),
(1029, 'Vettaikaranpudur'),
(1030, 'Vettavalam'),
(1031, 'Vijayapuri'),
(1032, 'Vikramasingapuram'),
(1033, 'Vikravandi'),
(1034, 'Vilacheri'),
(1035, 'Vilangudi'),
(1036, 'Vilankurichi'),
(1037, 'Vilapakkam'),
(1038, 'Vilar'),
(1039, 'Vilathikulam'),
(1040, 'Vilathurai'),
(1041, 'Vilavancode'),
(1042, 'Vilavur'),
(1043, 'Villukuri'),
(1044, 'Viluppuram'),
(1045, 'Viraganur'),
(1046, 'Viralimalai'),
(1047, 'Virinchipuram'),
(1048, 'Virudampattu'),
(1049, 'Virudhachalam'),
(1050, 'Virudhunagar'),
(1051, 'Virupakshipuram'),
(1052, 'Viswanatham'),
(1055, 'Walajabad'),
(1056, 'Wellington'),
(1057, 'Yercaud'),
(1058, 'Zamin Uthukuli'),
(1059, 'Zuzuvadi');

-- --------------------------------------------------------

--
-- Table structure for table `district`
--

CREATE TABLE `district` (
  `district_id` int(3) NOT NULL,
  `district_name` varchar(25) NOT NULL
) ENGINE=MyISAM DEFAULT CHARSET=latin1;

--
-- Dumping data for table `district`
--

INSERT INTO `district` (`district_id`, `district_name`) VALUES
(1, 'Ariyalur'),
(2, 'Chengalpattu'),
(3, 'Chennai'),
(4, 'Coimbatore'),
(5, 'Cuddalore'),
(6, 'Dharmapuri'),
(7, 'Dindigul'),
(8, 'Erode'),
(9, 'Kallakurichi'),
(10, 'Kanchipuram'),
(11, 'Kanyakumari'),
(12, 'Karur'),
(13, 'Krishnagiri'),
(14, 'Madurai'),
(15, 'Mayiladuthurai'),
(16, 'Nagapattinam'),
(17, 'Namakkal'),
(18, 'Nilgiris'),
(19, 'Perambalur'),
(20, 'Pudukkottai'),
(21, 'Ramanathapuram'),
(22, 'Ranipet'),
(23, 'Salem'),
(24, 'Sivagangai'),
(25, 'Tenkasi'),
(26, 'Thanjavur'),
(27, 'Theni'),
(28, 'Thoothukudi'),
(29, 'Tiruchirappalli'),
(30, 'Tirunelveli'),
(31, 'Tirupathur'),
(32, 'Tiruppur'),
(33, 'Tiruvallur'),
(34, 'Tiruvannamalai'),
(35, 'Tiruvarur'),
(36, 'Vellore'),
(37, 'Viluppuram'),
(38, 'Virudhunagar');

-- --------------------------------------------------------

--
-- Table structure for table `items`
--

CREATE TABLE `items` (
  `id` int(11) NOT NULL,
  `name` varchar(256) NOT NULL,
  `description` text NOT NULL,
  `price` int(255) NOT NULL,
  `category_id` int(11) NOT NULL,
  `created` datetime NOT NULL,
  `modified` timestamp NOT NULL DEFAULT CURRENT_TIMESTAMP
) ENGINE=MyISAM DEFAULT CHARSET=utf8;

--
-- Dumping data for table `items`
--

INSERT INTO `items` (`id`, `name`, `description`, `price`, `category_id`, `created`, `modified`) VALUES
(1, '123', 'its best machine', 90000, 6, '2021-04-12 19:18:11', '2021-04-13 00:18:11');

-- --------------------------------------------------------

--
-- Table structure for table `login`
--

CREATE TABLE `login` (
  `id` int(3) NOT NULL,
  `name` varchar(100) NOT NULL,
  `username` varchar(50) NOT NULL,
  `password` varchar(50) NOT NULL
) ENGINE=InnoDB DEFAULT CHARSET=latin1;

--
-- Dumping data for table `login`
--

INSERT INTO `login` (`id`, `name`, `username`, `password`) VALUES
(1, 'test', 'a', 'a');

-- --------------------------------------------------------

--
-- Table structure for table `pincode`
--

CREATE TABLE `pincode` (
  `pincode_id` int(4) NOT NULL,
  `pincode_number` varchar(10) NOT NULL
) ENGINE=MyISAM DEFAULT CHARSET=latin1;

--
-- Dumping data for table `pincode`
--

INSERT INTO `pincode` (`pincode_id`, `pincode_number`) VALUES
(1, '627412'),
(2, '627401'),
(3, '627414'),
(4, '627415'),
(5, '627416'),
(6, '627601'),
(7, '627422'),
(8, '627602'),
(9, '627425'),
(10, '627426'),
(11, '608002'),
(12, '608001'),
(13, '608301'),
(14, '631001'),
(15, '626101'),
(16, '626134'),
(17, '626177'),
(18, '626104'),
(19, '626105'),
(20, '626107'),
(21, '626118'),
(22, '626607'),
(23, '626004'),
(24, '626112'),
(25, '626113'),
(26, '626114'),
(27, '626159'),
(28, '626612'),
(29, '625513'),
(30, '625556'),
(31, '625515'),
(32, '625518'),
(33, '625519'),
(34, '625520'),
(35, '625521'),
(36, '625522'),
(37, '625540'),
(38, '625524'),
(39, '625525'),
(40, '625526'),
(41, '625528'),
(42, '625582'),
(43, '625530'),
(44, '625538'),
(45, '603001'),
(46, '600088'),
(47, '600020'),
(48, '600053'),
(49, '600058'),
(50, '600029'),
(51, '600070'),
(52, '600002'),
(53, '600040'),
(54, '600101'),
(55, '600102'),
(56, '600106'),
(57, '600083'),
(58, '600087'),
(59, '600054'),
(60, '600055'),
(61, '600023'),
(62, '600090'),
(63, '600108'),
(64, '600001'),
(65, '600031'),
(66, '600064'),
(67, '600112'),
(68, '600094'),
(69, '600044'),
(70, '600065'),
(71, '600008'),
(72, '600025'),
(73, '600057'),
(74, '600084'),
(75, '600009'),
(76, '600086'),
(77, '600006'),
(78, '600032'),
(79, '600104'),
(80, '600038'),
(81, '600036'),
(82, '600113'),
(83, '600082'),
(84, '600078'),
(85, '600071'),
(86, '600010'),
(87, '600024'),
(88, '600118'),
(89, '600099'),
(90, '600080'),
(91, '600076'),
(92, '600085'),
(93, '600107'),
(94, '600069'),
(95, '600060'),
(96, '600091'),
(97, '600095'),
(98, '600068'),
(99, '600100'),
(100, '600027'),
(101, '600037'),
(102, '600004'),
(103, '600089'),
(104, '600035'),
(105, '600061'),
(106, '600120'),
(107, '600034'),
(108, '600097'),
(109, '600117'),
(110, '600050'),
(111, '600043'),
(112, '600075'),
(113, '600003'),
(114, '600072'),
(115, '600114'),
(116, '600011'),
(117, '600012'),
(118, '600096'),
(119, '600110'),
(120, '600116'),
(121, '600066'),
(122, '600074'),
(123, '600028'),
(124, '600022'),
(125, '600103'),
(126, '600014'),
(127, '600013'),
(128, '600062'),
(129, '600015'),
(130, '600093'),
(131, '600073'),
(132, '600030'),
(133, '600067'),
(134, '600119'),
(135, '600098'),
(136, '600063'),
(137, '600016'),
(138, '600017'),
(139, '600045'),
(140, '600046'),
(141, '600018'),
(142, '600005'),
(143, '600041'),
(144, '600077'),
(145, '600019'),
(146, '600059'),
(147, '600047'),
(148, '600081'),
(149, '600026'),
(150, '600048'),
(151, '600042'),
(152, '600007'),
(153, '600049'),
(154, '600092'),
(155, '600039'),
(156, '600021'),
(157, '600033'),
(158, '632503'),
(159, '606701'),
(160, '603302'),
(161, '604202'),
(162, '601201'),
(163, '603103'),
(164, '603306'),
(165, '603104'),
(166, '603319'),
(167, '631207'),
(168, '606803'),
(169, '601204'),
(170, '600056'),
(171, '602105'),
(172, '603109'),
(173, '631209'),
(174, '602001'),
(175, '604407'),
(176, '603406'),
(177, '602026'),
(178, '604408'),
(179, '605109'),
(180, '631605'),
(181, '632513'),
(182, '641101'),
(183, '641407'),
(184, '641046'),
(185, '641014'),
(186, '641021'),
(187, '641201'),
(188, '641062'),
(189, '641001'),
(190, '641018'),
(191, '641006'),
(192, '641029'),
(193, '641013'),
(194, '641103'),
(195, '641047'),
(196, '641017'),
(197, '641048'),
(198, '641401'),
(199, '641104'),
(200, '641114'),
(201, '641038'),
(202, '641042'),
(203, '641030'),
(204, '641026'),
(205, '641008'),
(206, '641003'),
(207, '641107'),
(208, '641305'),
(209, '641036'),
(210, '641033'),
(211, '641022'),
(212, '641031'),
(213, '641032'),
(214, '641016'),
(215, '641037'),
(216, '641004'),
(217, '641010'),
(218, '641041'),
(219, '641023'),
(220, '641019'),
(221, '641045'),
(222, '641009'),
(223, '641027'),
(224, '641002'),
(225, '641043'),
(226, '641035'),
(227, '641007'),
(228, '641011'),
(229, '641113'),
(230, '641044'),
(231, '641005'),
(232, '641302'),
(233, '641028'),
(234, '641020'),
(235, '641402'),
(236, '641024'),
(237, '641012'),
(238, '641108'),
(239, '641039'),
(240, '641109'),
(241, '641034'),
(242, '641015'),
(243, '641110'),
(244, '641025'),
(245, '641111'),
(246, '641301'),
(247, '607001'),
(248, '607003'),
(249, '607005'),
(250, '607002'),
(251, '607004'),
(252, '607801'),
(253, '607802'),
(254, '607803'),
(255, '607106'),
(256, '624701'),
(257, '624801'),
(258, '624005'),
(259, '624002'),
(260, '624301'),
(261, '624001'),
(262, '624004'),
(263, '624702'),
(264, '624302'),
(265, '624703'),
(266, '624705'),
(267, '624711'),
(268, '624706'),
(269, '624303'),
(270, '624003'),
(271, '624620'),
(272, '624622'),
(273, '624402'),
(274, '624304'),
(275, '624403'),
(276, '624306'),
(277, '624709'),
(278, '624802'),
(279, '624307'),
(280, '624308'),
(281, '624201'),
(282, '624202'),
(283, '624204'),
(284, '624206'),
(285, '624101'),
(286, '624103'),
(287, '624208'),
(288, '624210'),
(289, '624211'),
(290, '624212'),
(291, '624707'),
(292, '624215'),
(293, '624708'),
(294, '624216'),
(295, '624219'),
(296, '624220'),
(297, '638115'),
(298, '638311'),
(299, '638501'),
(300, '638101'),
(301, '638502'),
(302, '638007'),
(303, '638051'),
(304, '638102'),
(305, '638001'),
(306, '638011'),
(307, '638002'),
(308, '638153'),
(309, '638110'),
(310, '638504'),
(311, '638312'),
(312, '638505'),
(313, '638453'),
(314, '638003'),
(315, '638454'),
(316, '638455'),
(317, '638151'),
(318, '638456'),
(319, '638183'),
(320, '638313'),
(321, '638103'),
(322, '638457'),
(323, '638104'),
(324, '638455'),
(325, '638107'),
(326, '638314'),
(327, '638006'),
(328, '638154'),
(329, '638005'),
(330, '638053'),
(331, '638052'),
(332, '638402'),
(333, '638315'),
(334, '638054'),
(335, '638109'),
(336, '638010'),
(337, '638009'),
(338, '638461'),
(339, '638012'),
(340, '638055'),
(341, '638506'),
(342, '638057'),
(343, '638152'),
(344, '638751'),
(345, '638752'),
(346, '638112'),
(347, '638316'),
(348, '638004'),
(349, '638462'),
(350, '638056'),
(351, '638301'),
(352, '638656'),
(353, '638452'),
(354, '638401'),
(355, '635122'),
(356, '636801'),
(357, '635102'),
(358, '636704'),
(359, '636813'),
(360, '635103'),
(361, '635104'),
(362, '635201'),
(363, '635124'),
(364, '635105'),
(365, '635301'),
(366, '635302'),
(367, '635106'),
(368, '635107'),
(369, '636705'),
(370, '636902'),
(371, '635108'),
(372, '636903'),
(373, '635109'),
(374, '635110'),
(375, '635126'),
(376, '636803'),
(377, '635303'),
(378, '635304'),
(379, '635202'),
(380, '635111'),
(381, '635112'),
(382, '635113'),
(383, '635101'),
(384, '636804'),
(385, '636805'),
(386, '636805'),
(387, '635114'),
(388, '635203'),
(389, '636904'),
(390, '635305'),
(391, '635204'),
(392, '636807'),
(393, '636808'),
(394, '636812'),
(395, '635123'),
(396, '636905'),
(397, '636809'),
(398, '636810'),
(399, '635205'),
(400, '636811'),
(401, '635206'),
(402, '635115'),
(403, '635116'),
(404, '635306'),
(405, '635117'),
(406, '635307'),
(407, '635118'),
(408, '636352'),
(409, '636906'),
(410, '635119'),
(411, '635207'),
(412, '635120'),
(413, '635121'),
(414, '636701'),
(415, '635001'),
(416, '631501'),
(417, '630004'),
(418, '630201'),
(419, '630003'),
(420, '630501'),
(421, '630006'),
(422, '630104'),
(423, '630001'),
(424, '630205'),
(425, '630106'),
(426, '630206'),
(427, '630307'),
(428, '630207'),
(429, '630405'),
(430, '630208'),
(431, '630108'),
(432, '630309'),
(433, '630002'),
(434, '630502'),
(435, '630410'),
(436, '630212'),
(437, '639001'),
(438, '639004'),
(439, '639002'),
(440, '639005'),
(441, '639003'),
(442, '639104'),
(443, '621306'),
(444, '628712'),
(445, '628902'),
(446, '628503'),
(447, '628714'),
(448, '628952'),
(449, '628501'),
(450, '628502'),
(451, '628904'),
(452, '628716'),
(453, '628905'),
(454, '627719'),
(455, '628721'),
(456, '612001'),
(457, '625012'),
(458, '625701'),
(459, '625008'),
(460, '625708'),
(461, '625001'),
(462, '625003'),
(463, '625004'),
(464, '625022'),
(465, '625011'),
(466, '625702'),
(467, '625704'),
(468, '625015'),
(469, '625006'),
(470, '625005'),
(471, '625707'),
(472, '627851'),
(473, '625501'),
(474, '625016'),
(475, '625514'),
(476, '625205'),
(477, '625207'),
(478, '625019'),
(479, '625503'),
(480, '625021'),
(481, '625402'),
(482, '625214'),
(483, '625221'),
(484, '625018'),
(485, '625234'),
(486, '625512'),
(487, '629852'),
(488, '625516'),
(489, '630301'),
(490, '630202'),
(491, '630101'),
(492, '630102'),
(493, '630302'),
(494, '630303'),
(495, '630005'),
(496, '630306'),
(497, '630103'),
(498, '630105'),
(499, '630107'),
(500, '630311'),
(501, '630312'),
(502, '630314'),
(503, '630702'),
(504, '628725'),
(505, '623603'),
(506, '626106'),
(507, '629163'),
(508, '630602'),
(509, '630551'),
(510, '630606'),
(511, '630554'),
(512, '630559'),
(513, '630709'),
(514, '630609'),
(515, '630710'),
(516, '630411'),
(517, '630713'),
(518, '630610'),
(519, '630408'),
(520, '630321'),
(521, '625106'),
(522, '623704'),
(523, '627108'),
(524, '624401'),
(525, '624619'),
(526, '628401'),
(527, '625703'),
(528, '627111'),
(529, '623526'),
(530, '627951'),
(531, '628552'),
(532, '627753'),
(533, '627754'),
(534, '627953'),
(535, '627755'),
(536, '627855'),
(537, '627756'),
(538, '627857'),
(539, '627860'),
(540, '627758'),
(541, '627862'),
(542, '628704'),
(543, '626203'),
(544, '627757'),
(545, '628612'),
(546, '628701'),
(547, '628613'),
(548, '628614'),
(549, '628801'),
(550, '628615'),
(551, '628653'),
(552, '628702'),
(553, '628616'),
(554, '628617'),
(555, '628618'),
(556, '628619'),
(557, '628703'),
(558, '628751'),
(559, '628620'),
(560, '628752'),
(561, '628656'),
(562, '628621'),
(563, '628809'),
(564, '628802'),
(565, '628753'),
(566, '628601'),
(567, '628622'),
(568, '628623'),
(569, '626125'),
(570, '625301'),
(571, '625017'),
(572, '625020'),
(573, '625101'),
(574, '625102'),
(575, '625007'),
(576, '625103'),
(577, '625104'),
(578, '625009'),
(579, '625014'),
(580, '625105'),
(581, '625107'),
(582, '625201'),
(583, '625002'),
(584, '625122'),
(585, '625108'),
(586, '625110'),
(587, '625109'),
(588, '625531'),
(589, '628217'),
(590, '628201'),
(591, '628202'),
(592, '628151'),
(593, '628204'),
(594, '628205'),
(595, '628206'),
(596, '628207'),
(597, '628208'),
(598, '628209'),
(599, '628218'),
(600, '628210'),
(601, '628211'),
(602, '628212'),
(603, '628213'),
(604, '628152'),
(605, '628229'),
(606, '628215'),
(607, '628203'),
(608, '628219'),
(609, '628216'),
(610, '626129'),
(611, '625706'),
(612, '630211'),
(613, '630611'),
(614, '623407'),
(615, '625532'),
(616, '625533'),
(617, '625218'),
(618, '624710'),
(619, '628907'),
(620, '609001'),
(621, '609003'),
(622, '609601'),
(623, '609602'),
(624, '609602'),
(625, '609603'),
(626, '609604'),
(627, '609605'),
(628, '611001'),
(629, '609110'),
(630, '614713'),
(631, '610001'),
(632, '614810'),
(633, '629801'),
(634, '629701'),
(635, '629204'),
(636, '629301'),
(637, '629201'),
(638, '629401'),
(639, '629851'),
(640, '629251'),
(641, '629501'),
(642, '629203'),
(643, '629502'),
(644, '629810'),
(645, '629809'),
(646, '629002'),
(647, '629703'),
(648, '629252'),
(649, '629402'),
(650, '629403'),
(651, '629202'),
(652, '629001'),
(653, '629004'),
(654, '629802'),
(655, '629803'),
(656, '629159'),
(657, '629601'),
(658, '629602'),
(659, '629704'),
(660, '629901'),
(661, '629804'),
(662, '629302'),
(663, '629003'),
(664, '629180'),
(665, '629702'),
(666, '637001'),
(667, '637211'),
(668, '624612'),
(669, '624613'),
(670, '624610'),
(671, '624614'),
(672, '624704'),
(673, '624615'),
(674, '624616'),
(675, '624617'),
(676, '624712'),
(677, '624618'),
(678, '624601'),
(679, '624621'),
(680, '623601'),
(681, '623401'),
(682, '623527'),
(683, '623701'),
(684, '623719'),
(685, '623135'),
(686, '623604'),
(687, '623605'),
(688, '623705'),
(689, '623706'),
(690, '623707'),
(691, '623608'),
(692, '623708'),
(693, '623115'),
(694, '623120'),
(695, '623711'),
(696, '623712'),
(697, '625602'),
(698, '625517'),
(699, '625203'),
(700, '625579'),
(701, '625523'),
(702, '625601'),
(703, '625604'),
(704, '625705'),
(705, '625527'),
(706, '625629'),
(707, '625536'),
(708, '625605'),
(709, '625537'),
(710, '625603'),
(711, '625562'),
(712, '625534'),
(713, '625535'),
(714, '642101'),
(715, '642103'),
(716, '642104'),
(717, '642106'),
(718, '642108'),
(719, '642202'),
(720, '642130'),
(721, '642109'),
(722, '642110'),
(723, '642002'),
(724, '642003'),
(725, '642114'),
(726, '642117'),
(727, '642120'),
(728, '642131'),
(729, '642001'),
(730, '642120'),
(731, '642133'),
(732, '642124'),
(733, '642125'),
(734, '642153'),
(735, '642134'),
(736, '642006'),
(737, '642004'),
(738, '641202'),
(739, '642127'),
(740, '642129'),
(741, '642105'),
(742, '642005'),
(743, '605001'),
(744, '622001'),
(745, '622005'),
(746, '622004'),
(747, '622003'),
(748, '626144'),
(749, '626102'),
(750, '626139'),
(751, '626145'),
(752, '626188'),
(753, '626136'),
(754, '626108'),
(755, '626143'),
(756, '626133'),
(757, '626110'),
(758, '626111'),
(759, '626116'),
(760, '626117'),
(761, '626121'),
(762, '626122'),
(763, '626142'),
(764, '626127'),
(765, '626132'),
(766, '623502'),
(767, '623512'),
(768, '623539'),
(769, '623513'),
(770, '623402'),
(771, '623514'),
(772, '623515'),
(773, '623566'),
(774, '623516'),
(775, '623517'),
(776, '623518'),
(777, '623519'),
(778, '623308'),
(779, '623808'),
(780, '623520'),
(781, '623403'),
(782, '623309'),
(783, '623521'),
(784, '623522'),
(785, '623404'),
(786, '623523'),
(787, '623536'),
(788, '623537'),
(789, '623524'),
(790, '623801'),
(791, '623501'),
(792, '623503'),
(793, '623802'),
(794, '623544'),
(795, '623525'),
(796, '623538'),
(797, '623806'),
(798, '623528'),
(799, '623406'),
(800, '623529'),
(801, '623531'),
(802, '623532'),
(803, '623409'),
(804, '623530'),
(805, '623534'),
(806, '623533'),
(807, '623804'),
(808, '623504'),
(809, '623315'),
(810, '632401'),
(811, '636011'),
(812, '636302'),
(813, '636012'),
(814, '636009'),
(815, '636030'),
(816, '636013'),
(817, '636302'),
(818, '636004'),
(819, '636003'),
(820, '637401'),
(821, '636101'),
(822, '636301'),
(823, '637501'),
(824, '636103'),
(825, '638183'),
(826, '637402'),
(827, '636104'),
(828, '637201'),
(829, '636354'),
(830, '636201'),
(831, '637202'),
(832, '637502'),
(833, '637013'),
(834, '636016'),
(835, '637002'),
(836, '636105'),
(837, '636404'),
(838, '637403'),
(839, '636007'),
(840, '637101'),
(841, '636302'),
(842, '636501'),
(843, '637213'),
(844, '636351'),
(845, '637404'),
(846, '636309'),
(847, '636014'),
(848, '637203'),
(849, '636008'),
(850, '637204'),
(851, '637014'),
(852, '636106'),
(853, '636138'),
(854, '636015'),
(855, '636303'),
(856, '637102'),
(857, '636139'),
(858, '637214'),
(859, '637215'),
(860, '637205'),
(861, '636452'),
(862, '637503'),
(863, '636107'),
(864, '636458'),
(865, '636202'),
(866, '637103'),
(867, '636453'),
(868, '636402'),
(869, '636401'),
(870, '637015'),
(871, '636203'),
(872, '637405'),
(873, '636304'),
(874, '637206'),
(875, '637003'),
(876, '637406'),
(877, '636454'),
(878, '636108'),
(879, '636455'),
(880, '636602'),
(881, '636204'),
(882, '636305'),
(883, '637207'),
(884, '637208'),
(885, '636109'),
(886, '637107'),
(887, '638181'),
(888, '636119'),
(889, '637407'),
(890, '636403'),
(891, '637408'),
(892, '636001'),
(893, '636456'),
(894, '636006'),
(895, '637301'),
(896, '637302'),
(897, '637303'),
(898, '637209'),
(899, '637019'),
(900, '637411'),
(901, '637409'),
(902, '636110'),
(903, '636111'),
(904, '636002'),
(905, '637412'),
(906, '636306'),
(907, '636307'),
(908, '637210'),
(909, '636122'),
(910, '636112'),
(911, '636113'),
(912, '637304'),
(913, '636502'),
(914, '636406'),
(915, '637104'),
(916, '636503'),
(917, '636114'),
(918, '636118'),
(919, '636121'),
(920, '637410'),
(921, '636115'),
(922, '637020'),
(923, '636457'),
(924, '637021'),
(925, '636308'),
(926, '637212'),
(927, '637105'),
(928, '638182'),
(929, '637504'),
(930, '637505'),
(931, '636116'),
(932, '636601'),
(933, '636117'),
(934, '636102'),
(935, '636005'),
(936, '630566'),
(937, '630305'),
(938, '630203'),
(939, '630204'),
(940, '630552'),
(941, '630553'),
(942, '630555'),
(943, '630556'),
(944, '630557'),
(945, '630558'),
(946, '630313'),
(947, '630561'),
(948, '630562'),
(949, '630210'),
(950, '626123'),
(951, '626190'),
(952, '626141'),
(953, '626137'),
(954, '626119'),
(955, '626140'),
(956, '626123'),
(957, '626189'),
(958, '626126'),
(959, '626124'),
(960, '626128'),
(961, '626130'),
(962, '626154'),
(963, '626131'),
(964, '627804'),
(965, '627751'),
(966, '627806'),
(967, '627814'),
(968, '627759'),
(969, '627853'),
(970, '627808'),
(971, '627809'),
(972, '627859'),
(973, '627811'),
(974, '627861'),
(975, '613001'),
(976, '614001'),
(977, '614625'),
(978, '614205'),
(979, '614602'),
(980, '614601'),
(981, '613204'),
(982, '629151'),
(983, '629152'),
(984, '629153'),
(985, '629101'),
(986, '629155'),
(987, '629154'),
(988, '629156'),
(989, '629162'),
(990, '629157'),
(991, '629158'),
(992, '629193'),
(993, '629102'),
(994, '629160'),
(995, '629161'),
(996, '629164'),
(997, '629165'),
(998, '629166'),
(999, '629167'),
(1000, '629168'),
(1001, '629169'),
(1002, '629170'),
(1003, '629171'),
(1004, '629172'),
(1005, '629173'),
(1006, '629174'),
(1007, '629175'),
(1008, '629176'),
(1009, '629177'),
(1010, '629178'),
(1011, '629179'),
(1012, '604001'),
(1013, '627103'),
(1014, '627010'),
(1015, '627501'),
(1016, '627011'),
(1017, '627201'),
(1018, '627005'),
(1019, '627354'),
(1020, '627002'),
(1021, '627109'),
(1022, '627007'),
(1023, '627357'),
(1024, '627358'),
(1025, '627001'),
(1026, '627009'),
(1027, '627004'),
(1028, '627006'),
(1029, '627657'),
(1030, '627116'),
(1031, '627117'),
(1032, '627003'),
(1033, '641653'),
(1034, '641652'),
(1035, '641654'),
(1036, '638812'),
(1037, '641655'),
(1038, '641603'),
(1039, '641687'),
(1040, '641608'),
(1041, '641658'),
(1042, '641670'),
(1043, '641659'),
(1044, '641671'),
(1045, '641662'),
(1046, '638660'),
(1047, '641663'),
(1048, '641664'),
(1049, '641666'),
(1050, '641697'),
(1051, '641665'),
(1052, '641668'),
(1053, '641667'),
(1054, '638459'),
(1055, '638460'),
(1056, '641669'),
(1057, '641604'),
(1058, '641607'),
(1059, '614601'),
(1060, '641602'),
(1061, '641605'),
(1062, '641606'),
(1063, '606601'),
(1064, '620026'),
(1065, '620024'),
(1066, '620014'),
(1067, '620012'),
(1068, '620004'),
(1069, '620025'),
(1070, '620010'),
(1071, '620020'),
(1072, '620021'),
(1073, '620023'),
(1074, '620011'),
(1075, '620015'),
(1076, '620016'),
(1077, '620019'),
(1078, '620009'),
(1079, '620006'),
(1080, '620017'),
(1081, '620002'),
(1082, '620018'),
(1083, '620005'),
(1084, '620022'),
(1085, '620001'),
(1086, '620013'),
(1087, '620007'),
(1088, '620008'),
(1089, '620003'),
(1090, '621704'),
(1091, '621601'),
(1092, '621211'),
(1093, '621212'),
(1094, '621010'),
(1095, '628008'),
(1096, '628851'),
(1097, '628007'),
(1098, '628301'),
(1099, '628101'),
(1100, '628002'),
(1101, '628102'),
(1102, '628005'),
(1103, '628303'),
(1104, '628302'),
(1105, '628402'),
(1106, '628103'),
(1107, '628251'),
(1108, '628104'),
(1109, '628105'),
(1110, '628304'),
(1111, '628006'),
(1112, '628001'),
(1113, '628004'),
(1114, '628252'),
(1115, '643202'),
(1116, '643201'),
(1117, '643203'),
(1118, '643240'),
(1119, '643204'),
(1120, '643205'),
(1121, '643101'),
(1122, '643206'),
(1123, '643207'),
(1124, '643007'),
(1125, '643209'),
(1126, '643004'),
(1127, '643006'),
(1128, '643211'),
(1129, '643212'),
(1130, '643005'),
(1131, '643213'),
(1132, '643214'),
(1133, '643215'),
(1134, '643216'),
(1135, '643253'),
(1136, '643259'),
(1137, '643236'),
(1138, '643217'),
(1139, '643218'),
(1140, '643219'),
(1141, '643003'),
(1142, '643220'),
(1143, '643223'),
(1144, '643221'),
(1145, '643243'),
(1146, '643225'),
(1147, '643226'),
(1148, '643238'),
(1149, '643105'),
(1150, '643233'),
(1151, '643103'),
(1152, '643237'),
(1153, '643228'),
(1154, '643104'),
(1155, '643002'),
(1156, '643242'),
(1157, '643001'),
(1158, '643241'),
(1159, '643231'),
(1160, '643282'),
(1161, '643102'),
(1162, '642102'),
(1163, '642007'),
(1164, '642154'),
(1165, '642107'),
(1166, '642201'),
(1167, '642203'),
(1168, '642204'),
(1169, '642110'),
(1170, '642111'),
(1171, '642112'),
(1172, '642113'),
(1173, '642205'),
(1174, '642122'),
(1175, '642206'),
(1176, '642207'),
(1177, '642126'),
(1178, '642132'),
(1179, '642128'),
(1180, '632006'),
(1181, '632012'),
(1182, '632009'),
(1183, '632002'),
(1184, '632004'),
(1185, '632001'),
(1186, '632014'),
(1187, '635802'),
(1188, '632301'),
(1189, '632602'),
(1190, '632007'),
(1191, '635601'),
(1192, '635751'),
(1193, '605602'),
(1194, '606202'),
(1195, '605757'),
(1196, '606107'),
(1197, '606001'),
(1198, '626005'),
(1199, '626201'),
(1200, '626103'),
(1201, '626149'),
(1202, '626109'),
(1203, '626202'),
(1204, '626204'),
(1205, '626205'),
(1206, '626002'),
(1207, '626003'),
(1208, '626001'),
(1209, '626001'),
(1210, '609309');

-- --------------------------------------------------------

--
-- Table structure for table `subward`
--

CREATE TABLE `subward` (
  `subward_id` int(5) NOT NULL,
  `ward_id` int(5) NOT NULL,
  `subward_name` varchar(50) NOT NULL,
  `created_at` datetime NOT NULL DEFAULT CURRENT_TIMESTAMP
) ENGINE=MyISAM DEFAULT CHARSET=latin1;

--
-- Dumping data for table `subward`
--

INSERT INTO `subward` (`subward_id`, `ward_id`, `subward_name`, `created_at`) VALUES
(1, 1, 'Main Road', '2021-04-20 21:23:17'),
(2, 2, 'Pothigaiadi North Street', '2021-04-20 21:42:23'),
(3, 2, 'Pothigaiadi Middle Street', '2021-04-20 22:01:23'),
(4, 2, 'Pothigaiadi South Street', '2021-04-20 22:07:41'),
(5, 3, 'South Street', '2021-04-20 22:10:40'),
(6, 1, 'Santhosh Nagar', '2021-04-20 22:21:24'),
(7, 1, 'Car Street', '2021-04-20 22:49:04'),
(8, 5, 'Arisana Nattham', '2021-04-20 23:03:30'),
(9, 7, 'East Street', '2021-04-20 23:13:02'),
(10, 6, 'Kadu Methu Street', '2021-04-20 23:13:21'),
(11, 8, 'Sola Nagar', '2021-04-20 23:42:45'),
(12, 9, 'West Street', '2021-04-20 23:57:04'),
(13, 10, 'Uthamapandiankulam', '2021-04-21 00:21:03'),
(14, 11, 'Manjal Nagar', '2021-04-21 00:48:49'),
(15, 12, 'BSNL Street', '2021-04-21 04:15:50'),
(16, 13, 'Green Nagar', '2021-04-21 04:20:36'),
(17, 14, 'Ramraj Road', '2021-04-21 04:26:44'),
(18, 14, 'Senthil Nagar', '2021-04-21 04:27:55'),
(19, 15, 'Swamy Street', '2021-04-21 21:23:52'),
(20, 16, 'Maharaja Street', '2021-04-21 21:33:25'),
(21, 17, 'Thiruvadi Street', '2021-04-21 21:49:52'),
(22, 18, 'Maruthu Street', '2021-04-21 21:53:46'),
(23, 20, 'Santhamoorthi Street', '2021-04-22 23:29:41'),
(24, 20, 'Sokkanatha Kovil Sannathi Street', '2021-04-23 00:23:59'),
(25, 4, 'South Street', '2021-04-23 05:31:13'),
(26, 21, 'Sokkanatha Kovil Sannathi Street', '2021-04-25 21:53:03'),
(27, 21, 'Marudhupandiyar 2nd Street', '2021-04-27 23:01:48'),
(28, 21, 'Marudhupandiyar 3rd Street', '2021-05-07 03:18:25'),
(29, 21, 'Marudhupandiyar 4th Street', '2021-05-08 04:41:59'),
(30, 21, 'Melapalayam - Santhamoorthi Street', '2021-08-04 22:13:56');

-- --------------------------------------------------------

--
-- Table structure for table `ward`
--

CREATE TABLE `ward` (
  `ward_id` int(3) NOT NULL,
  `ward_no` int(3) NOT NULL,
  `ward_name` varchar(25) NOT NULL
) ENGINE=MyISAM DEFAULT CHARSET=latin1;

--
-- Dumping data for table `ward`
--

INSERT INTO `ward` (`ward_id`, `ward_no`, `ward_name`) VALUES
(1, 2, 'Aarupathi'),
(2, 3, 'Vikramasingapuram'),
(3, 27, 'Jail Sing Nagar'),
(4, 27, 'Kurinji Nagar'),
(5, 1, 'Iluppaiyur'),
(6, 3, 'Puthukadu'),
(7, 26, 'Vallarar'),
(8, 5, 'Ram Nagar'),
(9, 10, 'Sunil Nagar'),
(10, 3, 'Melakulam'),
(11, 1, 'Vanam'),
(12, 4, 'Bell Nagar'),
(13, 7, 'Yellow Street'),
(14, 7, 'Dohnavur'),
(15, 7, 'Palani Nagar'),
(16, 2, 'Jaibharathi Nagar'),
(17, 22, 'Palayamkottai'),
(18, 4, 'Nachiyar Nagar'),
(19, 2, 'Vikramacingapuram'),
(20, 30, 'Melapalayam'),
(21, 31, 'Melapalayam');

--
-- Indexes for dumped tables
--

--
-- Indexes for table `assembly`
--
ALTER TABLE `assembly`
  ADD PRIMARY KEY (`assembly_id`);

--
-- Indexes for table `candidates`
--
ALTER TABLE `candidates`
  ADD PRIMARY KEY (`id`),
  ADD UNIQUE KEY `epic_number` (`epic_number`);

--
-- Indexes for table `city`
--
ALTER TABLE `city`
  ADD PRIMARY KEY (`city_id`),
  ADD UNIQUE KEY `city_name` (`city_name`);

--
-- Indexes for table `district`
--
ALTER TABLE `district`
  ADD PRIMARY KEY (`district_id`);

--
-- Indexes for table `items`
--
ALTER TABLE `items`
  ADD PRIMARY KEY (`id`);

--
-- Indexes for table `pincode`
--
ALTER TABLE `pincode`
  ADD PRIMARY KEY (`pincode_id`);

--
-- Indexes for table `subward`
--
ALTER TABLE `subward`
  ADD PRIMARY KEY (`subward_id`);

--
-- Indexes for table `ward`
--
ALTER TABLE `ward`
  ADD PRIMARY KEY (`ward_id`);

--
-- AUTO_INCREMENT for dumped tables
--

--
-- AUTO_INCREMENT for table `assembly`
--
ALTER TABLE `assembly`
  MODIFY `assembly_id` int(3) NOT NULL AUTO_INCREMENT, AUTO_INCREMENT=235;

--
-- AUTO_INCREMENT for table `candidates`
--
ALTER TABLE `candidates`
  MODIFY `id` int(11) NOT NULL AUTO_INCREMENT, AUTO_INCREMENT=351;

--
-- AUTO_INCREMENT for table `city`
--
ALTER TABLE `city`
  MODIFY `city_id` int(3) NOT NULL AUTO_INCREMENT, AUTO_INCREMENT=1061;

--
-- AUTO_INCREMENT for table `district`
--
ALTER TABLE `district`
  MODIFY `district_id` int(3) NOT NULL AUTO_INCREMENT, AUTO_INCREMENT=39;

--
-- AUTO_INCREMENT for table `items`
--
ALTER TABLE `items`
  MODIFY `id` int(11) NOT NULL AUTO_INCREMENT, AUTO_INCREMENT=2;

--
-- AUTO_INCREMENT for table `pincode`
--
ALTER TABLE `pincode`
  MODIFY `pincode_id` int(4) NOT NULL AUTO_INCREMENT, AUTO_INCREMENT=1211;

--
-- AUTO_INCREMENT for table `subward`
--
ALTER TABLE `subward`
  MODIFY `subward_id` int(5) NOT NULL AUTO_INCREMENT, AUTO_INCREMENT=31;

--
-- AUTO_INCREMENT for table `ward`
--
ALTER TABLE `ward`
  MODIFY `ward_id` int(3) NOT NULL AUTO_INCREMENT, AUTO_INCREMENT=22;
COMMIT;

/*!40101 SET CHARACTER_SET_CLIENT=@OLD_CHARACTER_SET_CLIENT */;
/*!40101 SET CHARACTER_SET_RESULTS=@OLD_CHARACTER_SET_RESULTS */;
/*!40101 SET COLLATION_CONNECTION=@OLD_COLLATION_CONNECTION */;
